stat6,region,assigned_by
140,SEAK Outside,AB (IPHC)
141,SEAK Outside,AB (IPHC)
142,SEAK Inside,AB (IPHC)
143,SEAK Inside,AB (IPHC)
144,SEAK Inside,AB (IPHC)
150,SEAK Outside,AB (IPHC)
151,SEAK Inside,AB (IPHC)
152,SEAK Inside,AB (IPHC)
153,SEAK Inside,AB (IPHC)
160,SEAK Outside,AB (IPHC)
161,SEAK Inside,AB (IPHC)
162,SEAK Inside,AB (IPHC)
163,SEAK Inside,AB (IPHC)
170,SEAK Outside,AB (IPHC)
171,SEAK Inside,AB (IPHC)
172,SEAK Inside,AB (IPHC)
173,SEAK Inside,AB (IPHC)
174,SEAK Inside,AB (IPHC)
181,SEAK Outside,AB (IPHC)
182,SEAK Inside,AB (IPHC)
183,SEAK Inside,AB (IPHC)
184,SEAK Inside,AB (IPHC)
185,SEAK Outside,AB (IPHC)
190,Yakutat,AB (IPHC)
200,Yakutat,AB (IPHC)
210,Yakutat,AB (IPHC)
220,Yakutat,AB (IPHC)
230,PWS,AB (IPHC)
231,PWS,AB (IPHC)
232,PWS,AB (IPHC)
240,PWS,AB (IPHC)
241,PWS,AB (IPHC)
242,PWS,AB (IPHC)
250,Cook Inlet,AB (IPHC)
251,Cook Inlet,AB (IPHC)
260,Cook Inlet,AB (IPHC)
261,Cook Inlet,AB (IPHC)
270,Kodiak,AB (IPHC)
271,Kodiak,AB (IPHC)
272,Kodiak,AB (IPHC)
280,Kodiak,AB (IPHC)
281,Kodiak,AB (IPHC)
290,Kodiak,AB (IPHC)
291,Kodiak,AB (IPHC)
300,Alaska Peninsula,AB (IPHC)
310,Alaska Peninsula,AB (IPHC)
320,Alaska Peninsula,AB (IPHC)
330,Alaska Peninsula,AB (IPHC)
340,Alaska Peninsula,AB (IPHC)
350,Alaska Peninsula,AB (IPHC)
360,Eastern Aleutians,AB (IPHC)
370,Eastern Aleutians,AB (IPHC)
380,Eastern Aleutians,AB (IPHC)
390,Eastern Aleutians,AB (IPHC)
395,Eastern Aleutians,AB (IPHC)
400,Western Aleutians,AB (IPHC)
410,Western Aleutians,AB (IPHC)
420,Western Aleutians,AB (IPHC)
430,Western Aleutians,AB (IPHC)
440,Western Aleutians,AB (IPHC)
450,Western Aleutians,AB (IPHC)
460,Western Aleutians,AB (IPHC)
470,Western Aleutians,AB (IPHC)
480,Western Aleutians,AB (IPHC)
490,Western Aleutians,AB (IPHC)
500,Western Aleutians,AB (IPHC)
513,Western Aleutians,AB (IPHC)
515,Western Aleutians,AB (IPHC)
517,Western Aleutians,AB (IPHC)
518,Western Aleutians,AB (IPHC)
519,Western Aleutians,AB (IPHC)
521,Western Aleutians,AB (IPHC)
523,Western Aleutians,AB (IPHC)
530,Western Aleutians,AB (IPHC)
10110,SEAK Inside,AB (Groundfish-Salmon)
10111,SEAK Inside,AB (Groundfish-Salmon)
10113,SEAK Inside,AB (Groundfish-Salmon)
10115,SEAK Inside,AB (Groundfish-Salmon)
10121,SEAK Inside,AB (Groundfish-Salmon)
10122,SEAK Inside,AB (Groundfish-Salmon)
10123,SEAK Inside,AB (Groundfish-Salmon)
10124,SEAK Inside,AB (Groundfish-Salmon)
10125,SEAK Inside,AB (Groundfish-Salmon)
10126,SEAK Inside,AB (Groundfish-Salmon)
10127,SEAK Inside,AB (Groundfish-Salmon)
10128,SEAK Inside,AB (Groundfish-Salmon)
10129,SEAK Inside,AB (Groundfish-Salmon)
10130,SEAK Inside,AB (Groundfish-Salmon)
10140,SEAK Inside,AB (Groundfish-Salmon)
10141,SEAK Inside,AB (Groundfish-Salmon)
10142,SEAK Inside,AB (Groundfish-Salmon)
10143,SEAK Inside,AB (Groundfish-Salmon)
10144,SEAK Inside,AB (Groundfish-Salmon)
10145,SEAK Inside,AB (Groundfish-Salmon)
10146,SEAK Inside,AB (Groundfish-Salmon)
10147,SEAK Inside,AB (Groundfish-Salmon)
10148,SEAK Inside,AB (Groundfish-Salmon)
10151,SEAK Inside,AB (Groundfish-Salmon)
10153,SEAK Inside,AB (Groundfish-Salmon)
10155,SEAK Inside,AB (Groundfish-Salmon)
10160,SEAK Inside,AB (Groundfish-Salmon)
10171,SEAK Inside,AB (Groundfish-Salmon)
10173,SEAK Inside,AB (Groundfish-Salmon)
10175,SEAK Inside,AB (Groundfish-Salmon)
10177,SEAK Inside,AB (Groundfish-Salmon)
10180,SEAK Inside,AB (Groundfish-Salmon)
10185,SEAK Inside,AB (Groundfish-Salmon)
10190,SEAK Inside,AB (Groundfish-Salmon)
10195,SEAK Inside,AB (Groundfish-Salmon)
10200,SEAK Inside,EW
10209,SEAK Inside,EW
10210,SEAK Inside,AB (Groundfish-Salmon)
10215,SEAK Inside,AB (Groundfish-Salmon)
10220,SEAK Inside,AB (Groundfish-Salmon)
10230,SEAK Inside,AB (Groundfish-Salmon)
10240,SEAK Inside,AB (Groundfish-Salmon)
10250,SEAK Inside,AB (Groundfish-Salmon)
10260,SEAK Inside,AB (Groundfish-Salmon)
10270,SEAK Inside,AB (Groundfish-Salmon)
10280,SEAK Inside,AB (Groundfish-Salmon)
10300,SEAK Inside,EW
10311,SEAK Inside,AB (Groundfish-Salmon)
10315,SEAK Inside,AB (Groundfish-Salmon)
10321,SEAK Inside,AB (Groundfish-Salmon)
10323,SEAK Inside,AB (Groundfish-Salmon)
10325,SEAK Inside,AB (Groundfish-Salmon)
10330,SEAK Inside,AB (Groundfish-Salmon)
10340,SEAK Inside,AB (Groundfish-Salmon)
10350,SEAK Inside,AB (Groundfish-Salmon)
10360,SEAK Inside,AB (Groundfish-Salmon)
10365,SEAK Inside,AB (Groundfish-Salmon)
10370,SEAK Inside,AB (Groundfish-Salmon)
10380,SEAK Inside,AB (Groundfish-Salmon)
10390,SEAK Inside,AB (Groundfish-Salmon)
10400,SEAK Inside,EW
10410,SEAK Inside,AB (Groundfish-Salmon)
10420,SEAK Inside,AB (Groundfish-Salmon)
10430,SEAK Inside,AB (Groundfish-Salmon)
10435,SEAK Inside,AB (Groundfish-Salmon)
10440,SEAK Inside,AB (Groundfish-Salmon)
10450,SEAK Inside,AB (Groundfish-Salmon)
10500,SEAK Inside,EW
10510,SEAK Inside,AB (Groundfish-Salmon)
10520,SEAK Inside,AB (Groundfish-Salmon)
10531,SEAK Inside,AB (Groundfish-Salmon)
10532,SEAK Inside,AB (Groundfish-Salmon)
10541,SEAK Inside,AB (Groundfish-Salmon)
10542,SEAK Inside,AB (Groundfish-Salmon)
10543,SEAK Inside,AB (Groundfish-Salmon)
10550,SEAK Inside,AB (Groundfish-Salmon)
10600,SEAK Inside,EW
10610,SEAK Inside,AB (Groundfish-Salmon)
10620,SEAK Inside,AB (Groundfish-Salmon)
10622,SEAK Inside,AB (Groundfish-Salmon)
10625,SEAK Inside,AB (Groundfish-Salmon)
10630,SEAK Inside,AB (Groundfish-Salmon)
10635,SEAK Inside,AB (Groundfish-Salmon)
10641,SEAK Inside,AB (Groundfish-Salmon)
10642,SEAK Inside,AB (Groundfish-Salmon)
10643,SEAK Inside,AB (Groundfish-Salmon)
10644,SEAK Inside,AB (Groundfish-Salmon)
10700,SEAK Inside,EW
10710,SEAK Inside,AB (Groundfish-Salmon)
10720,SEAK Inside,AB (Groundfish-Salmon)
10730,SEAK Inside,AB (Groundfish-Salmon)
10735,SEAK Inside,AB (Groundfish-Salmon)
10740,SEAK Inside,AB (Groundfish-Salmon)
10745,SEAK Inside,AB (Groundfish-Salmon)
10747,SEAK Inside,EW
10800,SEAK Inside,EW
10810,SEAK Inside,AB (Groundfish-Salmon)
10820,SEAK Inside,AB (Groundfish-Salmon)
10830,SEAK Inside,AB (Groundfish-Salmon)
10840,SEAK Inside,AB (Groundfish-Salmon)
10841,SEAK Inside,AB (Groundfish-Salmon)
10845,SEAK Inside,AB (Groundfish-Salmon)
10850,SEAK Inside,AB (Groundfish-Salmon)
10860,SEAK Inside,AB (Groundfish-Salmon)
10900,SEAK Inside,EW
10910,SEAK Inside,AB (Groundfish-Salmon)
10911,SEAK Inside,AB (Groundfish-Salmon)
10912,SEAK Inside,EW
10913,SEAK Inside,AB (Groundfish-Salmon)
10920,SEAK Inside,AB (Groundfish-Salmon)
10930,SEAK Inside,AB (Groundfish-Salmon)
10940,SEAK Inside,AB (Groundfish-Salmon)
10941,SEAK Inside,AB (Groundfish-Salmon)
10942,SEAK Inside,AB (Groundfish-Salmon)
10943,SEAK Inside,AB (Groundfish-Salmon)
10944,SEAK Inside,AB (Groundfish-Salmon)
10945,SEAK Inside,AB (Groundfish-Salmon)
10950,SEAK Inside,AB (Groundfish-Salmon)
10951,SEAK Inside,AB (Groundfish-Salmon)
10952,SEAK Inside,AB (Groundfish-Salmon)
10961,SEAK Inside,AB (Groundfish-Salmon)
10962,SEAK Inside,AB (Groundfish-Salmon)
10963,SEAK Inside,AB (Groundfish-Salmon)
11000,SEAK Inside,EW
11011,SEAK Inside,AB (Groundfish-Salmon)
11012,SEAK Inside,AB (Groundfish-Salmon)
11013,SEAK Inside,AB (Groundfish-Salmon)
11014,SEAK Inside,AB (Groundfish-Salmon)
11015,SEAK Inside,AB (Groundfish-Salmon)
11016,SEAK Inside,AB (Groundfish-Salmon)
11017,SEAK Inside,AB (Groundfish-Salmon)
11021,SEAK Inside,AB (Groundfish-Salmon)
11022,SEAK Inside,AB (Groundfish-Salmon)
11023,SEAK Inside,AB (Groundfish-Salmon)
11024,SEAK Inside,AB (Groundfish-Salmon)
11031,SEAK Inside,AB (Groundfish-Salmon)
11032,SEAK Inside,AB (Groundfish-Salmon)
11033,SEAK Inside,AB (Groundfish-Salmon)
11034,SEAK Inside,AB (Groundfish-Salmon)
11100,SEAK Inside,EW
11111,SEAK Inside,AB (Groundfish-Salmon)
11112,SEAK Inside,AB (Groundfish-Salmon)
11113,SEAK Inside,AB (Groundfish-Salmon)
11114,SEAK Inside,AB (Groundfish-Salmon)
11115,SEAK Inside,AB (Groundfish-Salmon)
11116,SEAK Inside,AB (Groundfish-Salmon)
11117,SEAK Inside,AB (Groundfish-Salmon)
11120,SEAK Inside,AB (Groundfish-Salmon)
11121,SEAK Inside,AB (Groundfish-Salmon)
11131,SEAK Inside,AB (Groundfish-Salmon)
11132,SEAK Inside,AB (Groundfish-Salmon)
11133,SEAK Inside,AB (Groundfish-Salmon)
11134,SEAK Inside,AB (Groundfish-Salmon)
11135,SEAK Inside,AB (Groundfish-Salmon)
11140,SEAK Inside,AB (Groundfish-Salmon)
11141,SEAK Inside,AB (Groundfish-Salmon)
11143,SEAK Inside,AB (Groundfish-Salmon)
11150,SEAK Inside,AB (Groundfish-Salmon)
11155,SEAK Inside,AB (Groundfish-Salmon)
11190,SEAK Inside,AB (Groundfish-Salmon)
11200,SEAK Inside,EW
11211,SEAK Inside,AB (Groundfish-Salmon)
11212,SEAK Inside,AB (Groundfish-Salmon)
11213,SEAK Inside,AB (Groundfish-Salmon)
11214,SEAK Inside,AB (Groundfish-Salmon)
11215,SEAK Inside,AB (Groundfish-Salmon)
11216,SEAK Inside,AB (Groundfish-Salmon)
11217,SEAK Inside,AB (Groundfish-Salmon)
11218,SEAK Inside,AB (Groundfish-Salmon)
11219,SEAK Inside,AB (Groundfish-Salmon)
11221,SEAK Inside,AB (Groundfish-Salmon)
11222,SEAK Inside,AB (Groundfish-Salmon)
11241,SEAK Inside,AB (Groundfish-Salmon)
11242,SEAK Inside,AB (Groundfish-Salmon)
11243,SEAK Inside,AB (Groundfish-Salmon)
11244,SEAK Inside,AB (Groundfish-Salmon)
11245,SEAK Inside,AB (Groundfish-Salmon)
11246,SEAK Inside,AB (Groundfish-Salmon)
11247,SEAK Inside,AB (Groundfish-Salmon)
11248,SEAK Inside,AB (Groundfish-Salmon)
11250,SEAK Inside,AB (Groundfish-Salmon)
11261,SEAK Inside,AB (Groundfish-Salmon)
11263,SEAK Inside,AB (Groundfish-Salmon)
11265,SEAK Inside,AB (Groundfish-Salmon)
11267,SEAK Inside,AB (Groundfish-Salmon)
11271,SEAK Inside,AB (Groundfish-Salmon)
11272,SEAK Inside,AB (Groundfish-Salmon)
11273,SEAK Inside,AB (Groundfish-Salmon)
11280,SEAK Inside,AB (Groundfish-Salmon)
11290,SEAK Inside,AB (Groundfish-Salmon)
11300,SEAK Inside,EW
11301,SEAK Inside,EW
11311,SEAK Inside,AB (Groundfish-Salmon)
11312,SEAK Inside,AB (Groundfish-Salmon)
11313,SEAK Inside,AB (Groundfish-Salmon)
11321,SEAK Inside,AB (Groundfish-Salmon)
11322,SEAK Inside,AB (Groundfish-Salmon)
11330,SEAK Inside,EW
11331,SEAK Inside,AB (Groundfish-Salmon)
11332,SEAK Inside,AB (Groundfish-Salmon)
11333,SEAK Inside,AB (Groundfish-Salmon)
11334,SEAK Inside,AB (Groundfish-Salmon)
11335,SEAK Inside,AB (Groundfish-Salmon)
11336,SEAK Inside,AB (Groundfish-Salmon)
11337,SEAK Inside,EW
11338,SEAK Inside,AB (Groundfish-Salmon)
11340,SEAK Inside,EW
11341,SEAK Inside,AB (Groundfish-Salmon)
11342,SEAK Inside,AB (Groundfish-Salmon)
11343,SEAK Inside,AB (Groundfish-Salmon)
11344,SEAK Inside,AB (Groundfish-Salmon)
11345,SEAK Inside,AB (Groundfish-Salmon)
11351,SEAK Inside,AB (Groundfish-Salmon)
11352,SEAK Inside,AB (Groundfish-Salmon)
11353,SEAK Inside,AB (Groundfish-Salmon)
11354,SEAK Inside,AB (Groundfish-Salmon)
11355,SEAK Inside,AB (Groundfish-Salmon)
11356,SEAK Inside,AB (Groundfish-Salmon)
11357,SEAK Inside,AB (Groundfish-Salmon)
11358,SEAK Inside,AB (Groundfish-Salmon)
11359,SEAK Inside,AB (Groundfish-Salmon)
11361,SEAK Inside,AB (Groundfish-Salmon)
11362,SEAK Inside,AB (Groundfish-Salmon)
11363,SEAK Inside,AB (Groundfish-Salmon)
11364,SEAK Inside,AB (Groundfish-Salmon)
11365,SEAK Inside,AB (Groundfish-Salmon)
11366,SEAK Inside,AB (Groundfish-Salmon)
11371,SEAK Inside,AB (Groundfish-Salmon)
11372,SEAK Inside,AB (Groundfish-Salmon)
11373,SEAK Inside,AB (Groundfish-Salmon)
11381,SEAK Inside,AB (Groundfish-Salmon)
11391,SEAK Inside,AB (Groundfish-Salmon)
11392,SEAK Inside,AB (Groundfish-Salmon)
11393,SEAK Inside,AB (Groundfish-Salmon)
11394,SEAK Inside,AB (Groundfish-Salmon)
11395,SEAK Inside,AB (Groundfish-Salmon)
11396,SEAK Inside,AB (Groundfish-Salmon)
11397,SEAK Inside,AB (Groundfish-Salmon)
11400,SEAK Inside,EW
11421,SEAK Inside,AB (Groundfish-Salmon)
11423,SEAK Inside,AB (Groundfish-Salmon)
11425,SEAK Inside,AB (Groundfish-Salmon)
11427,SEAK Inside,AB (Groundfish-Salmon)
11430,SEAK Inside,EW
11431,SEAK Inside,AB (Groundfish-Salmon)
11432,SEAK Inside,AB (Groundfish-Salmon)
11433,SEAK Inside,AB (Groundfish-Salmon)
11434,SEAK Inside,AB (Groundfish-Salmon)
11440,SEAK Inside,AB (Groundfish-Salmon)
11450,SEAK Inside,AB (Groundfish-Salmon)
11460,SEAK Inside,AB (Groundfish-Salmon)
11470,SEAK Inside,AB (Groundfish-Salmon)
11471,SEAK Inside,AB (Groundfish-Salmon)
11472,SEAK Inside,AB (Groundfish-Salmon)
11473,SEAK Inside,AB (Groundfish-Salmon)
11474,SEAK Inside,AB (Groundfish-Salmon)
11475,SEAK Inside,AB (Groundfish-Salmon)
11477,SEAK Inside,AB (Groundfish-Salmon)
11480,SEAK Inside,AB (Groundfish-Salmon)
11500,SEAK Inside,EW
11510,SEAK Inside,AB (Groundfish-Salmon)
11511,SEAK Inside,AB (Groundfish-Salmon)
11520,SEAK Inside,AB (Groundfish-Salmon)
11530,SEAK Inside,EW
11531,SEAK Inside,AB (Groundfish-Salmon)
11532,SEAK Inside,AB (Groundfish-Salmon)
11533,SEAK Inside,AB (Groundfish-Salmon)
11534,SEAK Inside,AB (Groundfish-Salmon)
11535,SEAK Inside,AB (Groundfish-Salmon)
11600,SEAK Inside,EW
11611,SEAK Inside,AB (Groundfish-Salmon)
11612,SEAK Inside,AB (Groundfish-Salmon)
11613,SEAK Inside,AB (Groundfish-Salmon)
11614,SEAK Inside,AB (Groundfish-Salmon)
15000,SEAK Inside,EW
15200,SEAK Inside,EW
15400,SEAK Inside,EW
15600,SEAK Inside,EW
15700,SEAK Inside,EW
18100,Yakutat,EW
18110,Yakutat,AB (Groundfish-Salmon)
18140,Yakutat,AB (Groundfish-Salmon)
18150,Yakutat,AB (Groundfish-Salmon)
18160,Yakutat,AB (Groundfish-Salmon)
18220,Yakutat,AB (Groundfish-Salmon)
18230,Yakutat,AB (Groundfish-Salmon)
18240,Yakutat,AB (Groundfish-Salmon)
18250,Yakutat,AB (Groundfish-Salmon)
18252,Yakutat,AB (Groundfish-Salmon)
18255,Yakutat,AB (Groundfish-Salmon)
18260,Yakutat,AB (Groundfish-Salmon)
18270,Yakutat,AB (Groundfish-Salmon)
18280,Yakutat,AB (Groundfish-Salmon)
18300,Yakutat,EW
18310,Yakutat,AB (Groundfish-Salmon)
18311,Yakutat,AB (Groundfish-Salmon)
18320,Yakutat,AB (Groundfish-Salmon)
18325,Yakutat,AB (Groundfish-Salmon)
18330,Yakutat,AB (Groundfish-Salmon)
18340,Yakutat,AB (Groundfish-Salmon)
18355,Yakutat,AB (Groundfish-Salmon)
18380,Yakutat,AB (Groundfish-Salmon)
18390,Yakutat,AB (Groundfish-Salmon)
18505,Yakutat,AB (Groundfish-Salmon)
18510,Yakutat,AB (Groundfish-Salmon)
18615,Yakutat,AB (Groundfish-Salmon)
18900,Yakutat,EW
18930,Yakutat,AB (Groundfish-Salmon)
18940,Yakutat,AB (Groundfish-Salmon)
18950,Yakutat,AB (Groundfish-Salmon)
19100,Yakutat,EW
19110,Yakutat,AB (Groundfish-Salmon)
19120,Yakutat,AB (Groundfish-Salmon)
19125,Yakutat,AB (Groundfish-Salmon)
19241,Yakutat,AB (Groundfish-Salmon)
19242,Yakutat,AB (Groundfish-Salmon)
19250,Yakutat,AB (Groundfish-Salmon)
19255,Yakutat,AB (Groundfish-Salmon)
19260,Yakutat,AB (Groundfish-Salmon)
20010,PWS,AB (Groundfish-Salmon)
20020,PWS,AB (Groundfish-Salmon)
20030,PWS,AB (Groundfish-Salmon)
20100,PWS,EW
20101,PWS,EW
20102,PWS,EW
20103,PWS,EW
20104,PWS,EW
20105,PWS,EW
20106,PWS,EW
20200,PWS,EW
20201,PWS,EW
20202,PWS,EW
20203,PWS,EW
20204,PWS,EW
20205,PWS,EW
20208,PWS,EW
20209,PWS,EW
20210,PWS,EW
20211,PWS,EW
20300,PWS,EW
20301,PWS,EW
20302,PWS,EW
20303,PWS,EW
20304,PWS,EW
20305,PWS,EW
20306,PWS,EW
20307,PWS,EW
20308,PWS,EW
20310,PWS,EW
20311,PWS,EW
20312,PWS,EW
20400,PWS,EW
20401,PWS,EW
21210,PWS,EW
21211,PWS,AB (Groundfish-Salmon)
21215,PWS,AB (Groundfish-Salmon)
21220,PWS,EW
21221,PWS,AB (Groundfish-Salmon)
21225,PWS,AB (Groundfish-Salmon)
21230,PWS,EW
21231,PWS,AB (Groundfish-Salmon)
21235,PWS,AB (Groundfish-Salmon)
22110,PWS,AB (Groundfish-Salmon)
22120,PWS,AB (Groundfish-Salmon)
22130,PWS,AB (Groundfish-Salmon)
22140,PWS,AB (Groundfish-Salmon)
22145,PWS,AB (Groundfish-Salmon)
22150,PWS,AB (Groundfish-Salmon)
22160,PWS,AB (Groundfish-Salmon)
22161,PWS,AB (Groundfish-Salmon)
22162,PWS,AB (Groundfish-Salmon)
22167,PWS,EW
22168,PWS,EW
22210,PWS,AB (Groundfish-Salmon)
22220,PWS,AB (Groundfish-Salmon)
22221,PWS,AB (Groundfish-Salmon)
22222,PWS,AB (Groundfish-Salmon)
22227,PWS,EW
22228,PWS,EW
22230,PWS,AB (Groundfish-Salmon)
22235,PWS,AB (Groundfish-Salmon)
22240,PWS,AB (Groundfish-Salmon)
22250,PWS,EW
22310,PWS,AB (Groundfish-Salmon)
22311,PWS,EW
22312,PWS,EW
22320,PWS,AB (Groundfish-Salmon)
22321,PWS,EW
22322,PWS,EW
22330,PWS,AB (Groundfish-Salmon)
22340,PWS,AB (Groundfish-Salmon)
22347,PWS,EW
22348,PWS,EW
22410,PWS,AB (Groundfish-Salmon)
22420,PWS,EW
22430,PWS,AB (Groundfish-Salmon)
22440,PWS,AB (Groundfish-Salmon)
22510,PWS,AB (Groundfish-Salmon)
22520,PWS,AB (Groundfish-Salmon)
22521,PWS,AB (Groundfish-Salmon)
22527,PWS,EW
22528,PWS,EW
22529,PWS,EW
22530,PWS,AB (Groundfish-Salmon)
22610,PWS,AB (Groundfish-Salmon)
22620,PWS,AB (Groundfish-Salmon)
22630,PWS,AB (Groundfish-Salmon)
22640,PWS,AB (Groundfish-Salmon)
22650,PWS,AB (Groundfish-Salmon)
22651,PWS,AB (Groundfish-Salmon)
22660,PWS,AB (Groundfish-Salmon)
22661,PWS,AB (Groundfish-Salmon)
22662,PWS,AB (Groundfish-Salmon)
22667,PWS,EW
22668,PWS,EW
22710,PWS,AB (Groundfish-Salmon)
22720,PWS,AB (Groundfish-Salmon)
22727,PWS,EW
22730,PWS,AB (Groundfish-Salmon)
22740,PWS,EW
22810,PWS,AB (Groundfish-Salmon)
22820,PWS,AB (Groundfish-Salmon)
22830,PWS,AB (Groundfish-Salmon)
22840,PWS,AB (Groundfish-Salmon)
22850,PWS,AB (Groundfish-Salmon)
22860,PWS,AB (Groundfish-Salmon)
22870,PWS,AB (Groundfish-Salmon)
22910,PWS,AB (Groundfish-Salmon)
23105,Cook Inlet,AB (Groundfish-Salmon)
23110,Cook Inlet,EW
23120,Cook Inlet,EW
23125,Cook Inlet,AB (Groundfish-Salmon)
23130,Cook Inlet,AB (Groundfish-Salmon)
23140,Cook Inlet,EW
23150,Cook Inlet,EW
23160,Cook Inlet,AB (Groundfish-Salmon)
23170,Cook Inlet,EW
23180,Cook Inlet,EW
23185,Cook Inlet,EW
23190,Cook Inlet,EW
23201,Cook Inlet,AB (Groundfish-Salmon)
23202,Cook Inlet,AB (Groundfish-Salmon)
23203,Cook Inlet,AB (Groundfish-Salmon)
23204,Cook Inlet,AB (Groundfish-Salmon)
23205,Cook Inlet,AB (Groundfish-Salmon)
23206,Cook Inlet,AB (Groundfish-Salmon)
23207,Cook Inlet,AB (Groundfish-Salmon)
23208,Cook Inlet,AB (Groundfish-Salmon)
23209,Cook Inlet,AB (Groundfish-Salmon)
23210,Cook Inlet,AB (Groundfish-Salmon)
23211,Cook Inlet,EW
23212,Cook Inlet,EW
23213,Cook Inlet,EW
23215,Cook Inlet,AB (Groundfish-Salmon)
23221,Cook Inlet,AB (Groundfish-Salmon)
23222,Cook Inlet,AB (Groundfish-Salmon)
23223,Cook Inlet,AB (Groundfish-Salmon)
23225,Cook Inlet,EW
23230,Cook Inlet,AB (Groundfish-Salmon)
23235,Cook Inlet,EW
23236,Cook Inlet,EW
24106,Cook Inlet,EW
24108,Cook Inlet,AB (Groundfish-Salmon)
24109,Cook Inlet,AB (Groundfish-Salmon)
24110,Cook Inlet,AB (Groundfish-Salmon)
24111,Cook Inlet,EW
24112,Cook Inlet,EW
24113,Cook Inlet,AB (Groundfish-Salmon)
24114,Cook Inlet,AB (Groundfish-Salmon)
24115,Cook Inlet,AB (Groundfish-Salmon)
24116,Cook Inlet,AB (Groundfish-Salmon)
24117,Cook Inlet,AB (Groundfish-Salmon)
24118,Cook Inlet,AB (Groundfish-Salmon)
24120,Cook Inlet,AB (Groundfish-Salmon)
24130,Cook Inlet,AB (Groundfish-Salmon)
24160,Cook Inlet,EW
24190,Cook Inlet,EW
24191,Cook Inlet,EW
24410,Cook Inlet,EW
24421,Cook Inlet,AB (Groundfish-Salmon)
24422,Cook Inlet,AB (Groundfish-Salmon)
24425,Cook Inlet,EW
24426,Cook Inlet,EW
24430,Cook Inlet,EW
24431,Cook Inlet,AB (Groundfish-Salmon)
24432,Cook Inlet,AB (Groundfish-Salmon)
24440,Cook Inlet,EW
24441,Cook Inlet,AB (Groundfish-Salmon)
24442,Cook Inlet,AB (Groundfish-Salmon)
24450,Cook Inlet,AB (Groundfish-Salmon)
24451,Cook Inlet,AB (Groundfish-Salmon)
24455,Cook Inlet,EW
24456,Cook Inlet,EW
24457,Cook Inlet,EW
24460,Cook Inlet,EW
24461,Cook Inlet,AB (Groundfish-Salmon)
24470,Cook Inlet,AB (Groundfish-Salmon)
24510,Cook Inlet,AB (Groundfish-Salmon)
24520,Cook Inlet,AB (Groundfish-Salmon)
24530,Cook Inlet,AB (Groundfish-Salmon)
24540,Cook Inlet,AB (Groundfish-Salmon)
24550,Cook Inlet,AB (Groundfish-Salmon)
24555,Cook Inlet,AB (Groundfish-Salmon)
24560,Cook Inlet,AB (Groundfish-Salmon)
24570,Cook Inlet,AB (Groundfish-Salmon)
24580,Cook Inlet,AB (Groundfish-Salmon)
24590,Cook Inlet,AB (Groundfish-Salmon)
24610,Cook Inlet,AB (Groundfish-Salmon)
24620,Cook Inlet,AB (Groundfish-Salmon)
24710,Cook Inlet,AB (Groundfish-Salmon)
24720,Cook Inlet,AB (Groundfish-Salmon)
24730,Cook Inlet,AB (Groundfish-Salmon)
24741,Cook Inlet,AB (Groundfish-Salmon)
24742,Cook Inlet,AB (Groundfish-Salmon)
24743,Cook Inlet,AB (Groundfish-Salmon)
24750,Cook Inlet,AB (Groundfish-Salmon)
24770,Cook Inlet,AB (Groundfish-Salmon)
24780,Cook Inlet,AB (Groundfish-Salmon)
24790,Cook Inlet,AB (Groundfish-Salmon)
24820,Cook Inlet,EW
24910,Cook Inlet,EW
24920,Cook Inlet,EW
24925,Cook Inlet,EW
24930,Cook Inlet,EW
24935,Cook Inlet,EW
24940,Cook Inlet,AB (Groundfish-Salmon)
24945,Cook Inlet,AB (Groundfish-Salmon)
24950,Cook Inlet,AB (Groundfish-Salmon)
24952,Cook Inlet,AB (Groundfish-Salmon)
24955,Cook Inlet,AB (Groundfish-Salmon)
24960,Cook Inlet,EW
24965,Cook Inlet,EW
24970,Cook Inlet,AB (Groundfish-Salmon)
24972,Cook Inlet,EW
24975,Cook Inlet,AB (Groundfish-Salmon)
24978,Cook Inlet,AB (Groundfish-Salmon)
24980,Cook Inlet,AB (Groundfish-Salmon)
24983,Cook Inlet,AB (Groundfish-Salmon)
24985,Cook Inlet,AB (Groundfish-Salmon)
24990,Cook Inlet,EW
25105,Kodiak,EW
25110,Kodiak,AB (Groundfish-Salmon)
25111,Kodiak,AB (Groundfish-Salmon)
25112,Kodiak,EW
25120,Kodiak,AB (Groundfish-Salmon)
25130,Kodiak,AB (Groundfish-Salmon)
25140,Kodiak,AB (Groundfish-Salmon)
25141,Kodiak,AB (Groundfish-Salmon)
25150,Kodiak,AB (Groundfish-Salmon)
25160,Kodiak,AB (Groundfish-Salmon)
25170,Kodiak,AB (Groundfish-Salmon)
25181,Kodiak,AB (Groundfish-Salmon)
25182,Kodiak,AB (Groundfish-Salmon)
25183,Kodiak,AB (Groundfish-Salmon)
25184,Kodiak,AB (Groundfish-Salmon)
25185,Kodiak,EW
25190,Kodiak,AB (Groundfish-Salmon)
25201,Kodiak,EW
25210,Kodiak,AB (Groundfish-Salmon)
25220,Kodiak,AB (Groundfish-Salmon)
25230,Kodiak,AB (Groundfish-Salmon)
25231,Kodiak,AB (Groundfish-Salmon)
25232,Kodiak,AB (Groundfish-Salmon)
25233,Kodiak,AB (Groundfish-Salmon)
25234,Kodiak,AB (Groundfish-Salmon)
25235,Kodiak,AB (Groundfish-Salmon)
25238,Kodiak,EW
25311,Kodiak,AB (Groundfish-Salmon)
25312,Kodiak,AB (Groundfish-Salmon)
25313,Kodiak,AB (Groundfish-Salmon)
25314,Kodiak,AB (Groundfish-Salmon)
25331,Kodiak,AB (Groundfish-Salmon)
25332,Kodiak,AB (Groundfish-Salmon)
25333,Kodiak,AB (Groundfish-Salmon)
25334,Kodiak,EW
25335,Kodiak,AB (Groundfish-Salmon)
25410,Kodiak,AB (Groundfish-Salmon)
25420,Kodiak,AB (Groundfish-Salmon)
25421,Kodiak,EW
25430,Kodiak,AB (Groundfish-Salmon)
25431,Kodiak,EW
25440,Kodiak,AB (Groundfish-Salmon)
25441,Kodiak,EW
25450,Kodiak,AB (Groundfish-Salmon)
25510,Kodiak,AB (Groundfish-Salmon)
25520,Kodiak,AB (Groundfish-Salmon)
25603,Kodiak,EW
25610,Kodiak,AB (Groundfish-Salmon)
25615,Kodiak,AB (Groundfish-Salmon)
25620,Kodiak,AB (Groundfish-Salmon)
25625,Kodiak,AB (Groundfish-Salmon)
25630,Kodiak,AB (Groundfish-Salmon)
25640,Kodiak,AB (Groundfish-Salmon)
25710,Kodiak,AB (Groundfish-Salmon)
25720,Kodiak,AB (Groundfish-Salmon)
25730,Kodiak,AB (Groundfish-Salmon)
25740,Kodiak,AB (Groundfish-Salmon)
25741,Kodiak,AB (Groundfish-Salmon)
25742,Kodiak,AB (Groundfish-Salmon)
25743,Kodiak,EW
25750,Kodiak,AB (Groundfish-Salmon)
25760,Kodiak,AB (Groundfish-Salmon)
25770,Kodiak,AB (Groundfish-Salmon)
25806,Kodiak,EW
25810,Kodiak,AB (Groundfish-Salmon)
25820,Kodiak,AB (Groundfish-Salmon)
25830,Kodiak,AB (Groundfish-Salmon)
25840,Kodiak,AB (Groundfish-Salmon)
25851,Kodiak,AB (Groundfish-Salmon)
25852,Kodiak,AB (Groundfish-Salmon)
25853,Kodiak,AB (Groundfish-Salmon)
25854,Kodiak,AB (Groundfish-Salmon)
25855,Kodiak,AB (Groundfish-Salmon)
25860,Kodiak,AB (Groundfish-Salmon)
25870,Kodiak,AB (Groundfish-Salmon)
25880,Kodiak,AB (Groundfish-Salmon)
25885,Kodiak,AB (Groundfish-Salmon)
25890,Kodiak,AB (Groundfish-Salmon)
25910,Kodiak,AB (Groundfish-Salmon)
25921,Kodiak,AB (Groundfish-Salmon)
25922,Kodiak,AB (Groundfish-Salmon)
25923,Kodiak,AB (Groundfish-Salmon)
25924,Kodiak,AB (Groundfish-Salmon)
25925,Kodiak,AB (Groundfish-Salmon)
25926,Kodiak,EW
25927,Kodiak,EW
25930,Kodiak,EW
25931,Kodiak,EW
25932,Kodiak,EW
25933,Kodiak,EW
25934,Kodiak,EW
25935,Kodiak,AB (Groundfish-Salmon)
25936,Kodiak,AB (Groundfish-Salmon)
25937,Kodiak,AB (Groundfish-Salmon)
25938,Kodiak,AB (Groundfish-Salmon)
25939,Kodiak,AB (Groundfish-Salmon)
25940,Kodiak,AB (Groundfish-Salmon)
25941,Kodiak,AB (Groundfish-Salmon)
25942,Kodiak,AB (Groundfish-Salmon)
25943,Kodiak,EW
25944,Kodiak,EW
25945,Kodiak,EW
25946,Kodiak,EW
26210,Kodiak,AB (Groundfish-Salmon)
26215,Kodiak,AB (Groundfish-Salmon)
26220,Kodiak,AB (Groundfish-Salmon)
26225,Kodiak,AB (Groundfish-Salmon)
26227,Kodiak,AB (Groundfish-Salmon)
26230,Kodiak,AB (Groundfish-Salmon)
26235,Kodiak,AB (Groundfish-Salmon)
26240,Kodiak,AB (Groundfish-Salmon)
26245,Kodiak,AB (Groundfish-Salmon)
26250,Kodiak,AB (Groundfish-Salmon)
26255,Kodiak,AB (Groundfish-Salmon)
26260,Kodiak,AB (Groundfish-Salmon)
26265,Kodiak,AB (Groundfish-Salmon)
26270,Kodiak,AB (Groundfish-Salmon)
26275,Kodiak,AB (Groundfish-Salmon)
26280,Kodiak,AB (Groundfish-Salmon)
26285,Alaska Peninsula,AB (Groundfish-Salmon)
26290,Alaska Peninsula,AB (Groundfish-Salmon)
26295,Alaska Peninsula,AB (Groundfish-Salmon)
27110,Alaska Peninsula,AB (Groundfish-Salmon)
27220,Alaska Peninsula,AB (Groundfish-Salmon)
27230,Alaska Peninsula,AB (Groundfish-Salmon)
27240,Alaska Peninsula,AB (Groundfish-Salmon)
27250,Alaska Peninsula,AB (Groundfish-Salmon)
27260,Alaska Peninsula,AB (Groundfish-Salmon)
27262,Alaska Peninsula,AB (Groundfish-Salmon)
27264,Alaska Peninsula,AB (Groundfish-Salmon)
27270,Alaska Peninsula,AB (Groundfish-Salmon)
27272,Alaska Peninsula,AB (Groundfish-Salmon)
27280,Alaska Peninsula,AB (Groundfish-Salmon)
27290,Alaska Peninsula,AB (Groundfish-Salmon)
27292,Alaska Peninsula,AB (Groundfish-Salmon)
27296,Alaska Peninsula,AB (Groundfish-Salmon)
27370,Alaska Peninsula,AB (Groundfish-Salmon)
27372,Alaska Peninsula,AB (Groundfish-Salmon)
27374,Alaska Peninsula,AB (Groundfish-Salmon)
27380,Alaska Peninsula,AB (Groundfish-Salmon)
27382,Alaska Peninsula,AB (Groundfish-Salmon)
27384,Alaska Peninsula,AB (Groundfish-Salmon)
27390,Alaska Peninsula,AB (Groundfish-Salmon)
27393,Alaska Peninsula,EW
27394,Alaska Peninsula,AB (Groundfish-Salmon)
27395,Alaska Peninsula,EW
27540,Alaska Peninsula,AB (Groundfish-Salmon)
27550,Alaska Peninsula,AB (Groundfish-Salmon)
27560,Alaska Peninsula,AB (Groundfish-Salmon)
28110,Alaska Peninsula,EW
28115,Alaska Peninsula,AB (Groundfish-Salmon)
28120,Alaska Peninsula,EW
28125,Alaska Peninsula,AB (Groundfish-Salmon)
28130,Alaska Peninsula,AB (Groundfish-Salmon)
28131,Alaska Peninsula,EW
28132,Alaska Peninsula,EW
28133,Alaska Peninsula,EW
28134,Alaska Peninsula,EW
28135,Alaska Peninsula,EW
28136,Alaska Peninsula,EW
28140,Alaska Peninsula,AB (Groundfish-Salmon)
28150,Alaska Peninsula,AB (Groundfish-Salmon)
28155,Alaska Peninsula,AB (Groundfish-Salmon)
28162,Alaska Peninsula,AB (Groundfish-Salmon)
28165,Alaska Peninsula,AB (Groundfish-Salmon)
28167,Alaska Peninsula,AB (Groundfish-Salmon)
28170,Alaska Peninsula,AB (Groundfish-Salmon)
28180,Alaska Peninsula,AB (Groundfish-Salmon)
28190,Alaska Peninsula,AB (Groundfish-Salmon)
28210,Alaska Peninsula,AB (Groundfish-Salmon)
28211,Alaska Peninsula,AB (Groundfish-Salmon)
28212,Alaska Peninsula,EW
28213,Alaska Peninsula,EW
28214,Alaska Peninsula,EW
28215,Alaska Peninsula,EW
28220,Alaska Peninsula,AB (Groundfish-Salmon)
28221,Alaska Peninsula,EW
28222,Alaska Peninsula,EW
28223,Alaska Peninsula,EW
28224,Alaska Peninsula,EW
28225,Alaska Peninsula,AB (Groundfish-Salmon)
28230,Alaska Peninsula,AB (Groundfish-Salmon)
28232,Alaska Peninsula,AB (Groundfish-Salmon)
28235,Alaska Peninsula,AB (Groundfish-Salmon)
28240,Alaska Peninsula,AB (Groundfish-Salmon)
28242,Alaska Peninsula,AB (Groundfish-Salmon)
28245,Alaska Peninsula,AB (Groundfish-Salmon)
28250,Alaska Peninsula,AB (Groundfish-Salmon)
28265,Alaska Peninsula,AB (Groundfish-Salmon)
28270,Alaska Peninsula,AB (Groundfish-Salmon)
28275,Alaska Peninsula,AB (Groundfish-Salmon)
28280,Alaska Peninsula,AB (Groundfish-Salmon)
28310,Alaska Peninsula,EW
28312,Alaska Peninsula,EW
28313,Alaska Peninsula,EW
28315,Alaska Peninsula,AB (Groundfish-Salmon)
28317,Alaska Peninsula,AB (Groundfish-Salmon)
28320,Alaska Peninsula,AB (Groundfish-Salmon)
28321,Alaska Peninsula,AB (Groundfish-Salmon)
28323,Alaska Peninsula,AB (Groundfish-Salmon)
28324,Alaska Peninsula,AB (Groundfish-Salmon)
28325,Alaska Peninsula,AB (Groundfish-Salmon)
28326,Alaska Peninsula,AB (Groundfish-Salmon)
28331,Alaska Peninsula,EW
28332,Alaska Peninsula,EW
28333,Alaska Peninsula,EW
28334,Alaska Peninsula,EW
28335,Alaska Peninsula,EW
28341,Alaska Peninsula,EW
28342,Alaska Peninsula,EW
28351,Alaska Peninsula,EW
28352,Alaska Peninsula,EW
28361,Alaska Peninsula,EW
28362,Alaska Peninsula,EW
28363,Alaska Peninsula,EW
28364,Alaska Peninsula,EW
28365,Alaska Peninsula,EW
28370,Alaska Peninsula,EW
28375,Alaska Peninsula,EW
28380,Alaska Peninsula,EW
28390,Alaska Peninsula,EW
28410,Alaska Peninsula,EW
28420,Alaska Peninsula,EW
28424,Alaska Peninsula,EW
28436,Alaska Peninsula,AB (Groundfish-Salmon)
28437,Alaska Peninsula,AB (Groundfish-Salmon)
28438,Alaska Peninsula,AB (Groundfish-Salmon)
28439,Alaska Peninsula,EW
28440,Alaska Peninsula,EW
28442,Alaska Peninsula,AB (Groundfish-Salmon)
28445,Alaska Peninsula,AB (Groundfish-Salmon)
28447,Alaska Peninsula,AB (Groundfish-Salmon)
28450,Alaska Peninsula,EW
28455,Alaska Peninsula,AB (Groundfish-Salmon)
28460,Alaska Peninsula,EW
28462,Alaska Peninsula,AB (Groundfish-Salmon)
28465,Alaska Peninsula,AB (Groundfish-Salmon)
28467,Alaska Peninsula,AB (Groundfish-Salmon)
28470,Alaska Peninsula,AB (Groundfish-Salmon)
28472,Alaska Peninsula,EW
28475,Alaska Peninsula,AB (Groundfish-Salmon)
28480,Alaska Peninsula,AB (Groundfish-Salmon)
28490,Alaska Peninsula,AB (Groundfish-Salmon)
28510,Alaska Peninsula,AB (Groundfish-Salmon)
28520,Alaska Peninsula,AB (Groundfish-Salmon)
28530,Alaska Peninsula,AB (Groundfish-Salmon)
28540,Alaska Peninsula,AB (Groundfish-Salmon)
30214,Eastern Aleutians,AB (Groundfish-Salmon)
30216,Eastern Aleutians,AB (Groundfish-Salmon)
30217,Eastern Aleutians,AB (Groundfish-Salmon)
30218,Eastern Aleutians,AB (Groundfish-Salmon)
30219,Eastern Aleutians,EW
30221,Eastern Aleutians,EW
30222,Eastern Aleutians,EW
30224,Eastern Aleutians,EW
30225,Eastern Aleutians,EW
30228,Eastern Aleutians,AB (Groundfish-Salmon)
30231,Eastern Aleutians,AB (Groundfish-Salmon)
30235,Eastern Aleutians,AB (Groundfish-Salmon)
30240,Eastern Aleutians,AB (Groundfish-Salmon)
30245,Eastern Aleutians,AB (Groundfish-Salmon)
30250,Eastern Aleutians,AB (Groundfish-Salmon)
30533,Western Aleutians,AB (Groundfish-Salmon)
30542,Western Aleutians,AB (Groundfish-Salmon)
30545,Western Aleutians,AB (Groundfish-Salmon)
30546,Western Aleutians,AB (Groundfish-Salmon)
30547,Western Aleutians,AB (Groundfish-Salmon)
30549,Western Aleutians,AB (Groundfish-Salmon)
30670,Western Aleutians,AB (Groundfish-Salmon)
30842,Western Aleutians,AB (Groundfish-Salmon)
30843,Western Aleutians,EW
30932,Western Aleutians,AB (Groundfish-Salmon)
30933,Western Aleutians,AB (Groundfish-Salmon)
30938,Western Aleutians,EW
30943,Western Aleutians,EW
31120,Alaska Peninsula,AB (Groundfish-Salmon)
31132,Alaska Peninsula,AB (Groundfish-Salmon)
31152,Alaska Peninsula,AB (Groundfish-Salmon)
31158,Alaska Peninsula,AB (Groundfish-Salmon)
31160,Alaska Peninsula,AB (Groundfish-Salmon)
31210,Alaska Peninsula,AB (Groundfish-Salmon)
31220,Alaska Peninsula,AB (Groundfish-Salmon)
31240,Alaska Peninsula,AB (Groundfish-Salmon)
31310,Alaska Peninsula,AB (Groundfish-Salmon)
31330,Alaska Peninsula,AB (Groundfish-Salmon)
31410,Alaska Peninsula,EW
31412,Alaska Peninsula,AB (Groundfish-Salmon)
31420,Alaska Peninsula,AB (Groundfish-Salmon)
31430,Alaska Peninsula,AB (Groundfish-Salmon)
31440,Alaska Peninsula,EW
31510,Alaska Peninsula,EW
31511,Alaska Peninsula,AB (Groundfish-Salmon)
31512,Alaska Peninsula,EW
31520,Alaska Peninsula,AB (Groundfish-Salmon)
31550,Alaska Peninsula,EW
31553,Alaska Peninsula,EW
31610,Alaska Peninsula,AB (Groundfish-Salmon)
31620,Alaska Peninsula,AB (Groundfish-Salmon)
31622,Alaska Peninsula,AB (Groundfish-Salmon)
31625,Alaska Peninsula,AB (Groundfish-Salmon)
31710,Alaska Peninsula,AB (Groundfish-Salmon)
31720,Alaska Peninsula,AB (Groundfish-Salmon)
31810,Alaska Peninsula,EW
31820,Alaska Peninsula,AB (Groundfish-Salmon)
32005,Alaska Peninsula,EW
32010,Alaska Peninsula,EW
32020,Alaska Peninsula,EW
32030,Alaska Peninsula,EW
32100,Bristol Bay,AB (Groundfish-Salmon)
32105,Bristol Bay,AB (Groundfish-Salmon)
32110,Bristol Bay,AB (Groundfish-Salmon)
32120,Bristol Bay,AB (Groundfish-Salmon)
32130,Bristol Bay,AB (Groundfish-Salmon)
32133,Bristol Bay,EW
32140,Bristol Bay,AB (Groundfish-Salmon)
32150,Bristol Bay,AB (Groundfish-Salmon)
32160,Bristol Bay,AB (Groundfish-Salmon)
32170,Bristol Bay,AB (Groundfish-Salmon)
32180,Bristol Bay,AB (Groundfish-Salmon)
32200,Bristol Bay,AB (Groundfish-Salmon)
32210,Bristol Bay,AB (Groundfish-Salmon)
32220,Bristol Bay,AB (Groundfish-Salmon)
32230,Bristol Bay,AB (Groundfish-Salmon)
32240,Bristol Bay,AB (Groundfish-Salmon)
32250,Bristol Bay,AB (Groundfish-Salmon)
32260,Bristol Bay,AB (Groundfish-Salmon)
32270,Bristol Bay,AB (Groundfish-Salmon)
32400,Bristol Bay,AB (Groundfish-Salmon)
32411,Bristol Bay,AB (Groundfish-Salmon)
32412,Bristol Bay,AB (Groundfish-Salmon)
32413,Bristol Bay,AB (Groundfish-Salmon)
32416,Bristol Bay,EW
32417,Bristol Bay,EW
32420,Bristol Bay,EW
32421,Bristol Bay,AB (Groundfish-Salmon)
32422,Bristol Bay,AB (Groundfish-Salmon)
32423,Bristol Bay,AB (Groundfish-Salmon)
32424,Bristol Bay,EW
32425,Bristol Bay,AB (Groundfish-Salmon)
32426,Bristol Bay,AB (Groundfish-Salmon)
32429,Bristol Bay,EW
32500,Bristol Bay,AB (Groundfish-Salmon)
32510,Bristol Bay,AB (Groundfish-Salmon)
32511,Bristol Bay,AB (Groundfish-Salmon)
32520,Bristol Bay,AB (Groundfish-Salmon)
32521,Bristol Bay,AB (Groundfish-Salmon)
32525,Bristol Bay,EW
32530,Bristol Bay,EW
32531,Bristol Bay,AB (Groundfish-Salmon)
32532,Bristol Bay,AB (Groundfish-Salmon)
32533,Bristol Bay,AB (Groundfish-Salmon)
32534,Bristol Bay,AB (Groundfish-Salmon)
32535,Bristol Bay,AB (Groundfish-Salmon)
32540,Bristol Bay,AB (Groundfish-Salmon)
32541,Bristol Bay,AB (Groundfish-Salmon)
32600,Bristol Bay,EW
32610,Bristol Bay,AB (Groundfish-Salmon)
32611,Bristol Bay,AB (Groundfish-Salmon)
32612,Bristol Bay,EW
32620,Bristol Bay,AB (Groundfish-Salmon)
32621,Bristol Bay,AB (Groundfish-Salmon)
32622,Bristol Bay,EW
32630,Bristol Bay,AB (Groundfish-Salmon)
32631,Bristol Bay,AB (Groundfish-Salmon)
32640,Kuskokwim,AB (Groundfish-Salmon)
32670,Bristol Bay,AB (Groundfish-Salmon)
32671,Bristol Bay,AB (Groundfish-Salmon)
32672,Bristol Bay,AB (Groundfish-Salmon)
33101,Kotzebue,AB (Groundfish-Salmon)
33102,Kotzebue,AB (Groundfish-Salmon)
33103,Kotzebue,AB (Groundfish-Salmon)
33104,Kotzebue,AB (Groundfish-Salmon)
33105,Kotzebue,AB (Groundfish-Salmon)
33106,Kotzebue,AB (Groundfish-Salmon)
33200,Norton Sound,AB (Groundfish-Salmon)
33310,Norton Sound,AB (Groundfish-Salmon)
33320,Norton Sound,AB (Groundfish-Salmon)
33331,Norton Sound,AB (Groundfish-Salmon)
33332,Norton Sound,AB (Groundfish-Salmon)
33333,Norton Sound,AB (Groundfish-Salmon)
33340,Norton Sound,AB (Groundfish-Salmon)
33350,Norton Sound,AB (Groundfish-Salmon)
33360,Norton Sound,AB (Groundfish-Salmon)
33411,Yukon,AB (Groundfish-Salmon)
33412,Yukon,AB (Groundfish-Salmon)
33413,Yukon,AB (Groundfish-Salmon)
33414,Yukon,AB (Groundfish-Salmon)
33415,Yukon,AB (Groundfish-Salmon)
33416,Yukon,AB (Groundfish-Salmon)
33417,Yukon,AB (Groundfish-Salmon)
33418,Yukon,AB (Groundfish-Salmon)
33421,Yukon,AB (Groundfish-Salmon)
33422,Yukon,AB (Groundfish-Salmon)
33423,Yukon,AB (Groundfish-Salmon)
33424,Yukon,AB (Groundfish-Salmon)
33425,Yukon,AB (Groundfish-Salmon)
33431,Yukon,AB (Groundfish-Salmon)
33432,Yukon,AB (Groundfish-Salmon)
33442,Yukon,AB (Groundfish-Salmon)
33443,Yukon,AB (Groundfish-Salmon)
33444,Yukon,AB (Groundfish-Salmon)
33445,Yukon,AB (Groundfish-Salmon)
33446,Yukon,AB (Groundfish-Salmon)
33447,Yukon,AB (Groundfish-Salmon)
33451,Yukon,AB (Groundfish-Salmon)
33452,Yukon,AB (Groundfish-Salmon)
33453,Yukon,AB (Groundfish-Salmon)
33454,Yukon,AB (Groundfish-Salmon)
33455,Unassigned,AB (Groundfish-Salmon)
33461,Yukon,AB (Groundfish-Salmon)
33462,Yukon,AB (Groundfish-Salmon)
33463,Yukon,AB (Groundfish-Salmon)
33511,Kuskokwim,AB (Groundfish-Salmon)
33512,Kuskokwim,AB (Groundfish-Salmon)
33513,Kuskokwim,AB (Groundfish-Salmon)
33514,Kuskokwim,AB (Groundfish-Salmon)
33520,Kuskokwim,AB (Groundfish-Salmon)
33530,Kuskokwim,AB (Groundfish-Salmon)
33540,Kuskokwim,AB (Groundfish-Salmon)
33549,Kuskokwim,AB (Groundfish-Salmon)
33550,Kuskokwim,AB (Groundfish-Salmon)
33560,Kuskokwim,AB (Groundfish-Salmon)
33570,Kuskokwim,AB (Groundfish-Salmon)
33580,Kuskokwim,AB (Groundfish-Salmon)
51011,Kodiak,EW
51021,Kodiak,EW
51031,Kodiak,EW
51032,Kodiak,EW
51041,Kodiak,EW
51042,Kodiak,EW
51051,Kodiak,EW
51061,Kodiak,EW
51071,Kodiak,EW
51072,Kodiak,EW
51073,Kodiak,EW
51081,Kodiak,EW
51091,Kodiak,EW
51092,Kodiak,EW
51093,Kodiak,EW
51101,Kodiak,EW
51102,Kodiak,EW
51103,Kodiak,EW
52011,Kodiak,EW
52021,Kodiak,EW
52022,Kodiak,EW
52031,Kodiak,EW
52032,Kodiak,EW
52033,Kodiak,EW
52034,Kodiak,EW
52035,Kodiak,EW
53011,Kodiak,EW
53021,Kodiak,EW
53031,Kodiak,EW
53032,Kodiak,EW
53033,Kodiak,EW
53041,Kodiak,EW
53051,Kodiak,EW
56011,Kodiak,EW
56021,Kodiak,EW
56031,Kodiak,EW
56032,Kodiak,EW
56041,Kodiak,EW
56042,Kodiak,EW
56051,Kodiak,EW
56052,Kodiak,EW
56053,Kodiak,EW
56061,Kodiak,EW
56062,Kodiak,EW
57011,Kodiak,EW
57012,Kodiak,EW
57013,Kodiak,EW
57014,Kodiak,EW
57021,Kodiak,EW
57031,Kodiak,EW
57041,Kodiak,EW
57042,Kodiak,EW
57051,Kodiak,EW
57052,Kodiak,EW
57053,Kodiak,EW
57054,Kodiak,EW
57071,Kodiak,EW
57072,Kodiak,EW
57073,Kodiak,EW
58021,Kodiak,EW
58031,Kodiak,EW
58041,Kodiak,EW
58051,Kodiak,EW
58061,Kodiak,EW
58071,Kodiak,EW
58081,Kodiak,EW
58091,Kodiak,EW
58101,Kodiak,EW
59021,Kodiak,EW
59041,Kodiak,EW
59051,Kodiak,EW
59071,Kodiak,EW
59101,Kodiak,EW
305431,SEAK Inside,AB (Groundfish-Salmon)
305501,SEAK Inside,AB (Groundfish-Salmon)
305502,SEAK Inside,AB (Groundfish-Salmon)
305503,SEAK Inside,AB (Groundfish-Salmon)
305531,SEAK Inside,AB (Groundfish-Salmon)
305532,SEAK Inside,AB (Groundfish-Salmon)
315401,SEAK Inside,AB (Groundfish-Salmon)
315431,SEAK Inside,AB (Groundfish-Salmon)
315432,SEAK Inside,AB (Groundfish-Salmon)
315501,SEAK Inside,AB (Groundfish-Salmon)
315502,SEAK Inside,AB (Groundfish-Salmon)
315503,SEAK Inside,AB (Groundfish-Salmon)
315504,SEAK Inside,AB (Groundfish-Salmon)
315531,SEAK Inside,AB (Groundfish-Salmon)
315532,SEAK Inside,AB (Groundfish-Salmon)
315600,SEAK Inside,AB (Groundfish-Salmon)
325401,SEAK Inside,AB (Groundfish-Salmon)
325402,SEAK Outside,AB (Groundfish-Salmon)
325431,SEAK Inside,AB (Groundfish-Salmon)
325432,SEAK Inside,AB (Groundfish-Salmon)
325433,SEAK Inside,AB (Groundfish-Salmon)
325434,SEAK Outside,AB (Groundfish-Salmon)
325501,SEAK Inside,AB (Groundfish-Salmon)
325502,SEAK Inside,AB (Groundfish-Salmon)
325503,SEAK Inside,AB (Groundfish-Salmon)
325504,SEAK Inside,AB (Groundfish-Salmon)
325531,SEAK Inside,AB (Groundfish-Salmon)
325532,SEAK Inside,AB (Groundfish-Salmon)
325533,SEAK Inside,AB (Groundfish-Salmon)
325601,SEAK Inside,AB (Groundfish-Salmon)
325602,SEAK Inside,AB (Groundfish-Salmon)
325603,SEAK Inside,AB (Groundfish-Salmon)
325604,SEAK Inside,AB (Groundfish-Salmon)
325631,SEAK Inside,AB (Groundfish-Salmon)
325632,SEAK Inside,AB (Groundfish-Salmon)
325700,SEAK Inside,AB (Groundfish-Salmon)
335401,SEAK Outside,AB (Groundfish-Salmon)
335431,SEAK Outside,AB (Groundfish-Salmon)
335432,SEAK Inside,AB (Groundfish-Salmon)
335433,SEAK Inside,AB (Groundfish-Salmon)
335501,SEAK Outside,AB (Groundfish-Salmon)
335502,SEAK Inside,AB (Groundfish-Salmon)
335503,SEAK Inside,AB (Groundfish-Salmon)
335504,SEAK Inside,AB (Groundfish-Salmon)
335505,SEAK Inside,AB (Groundfish-Salmon)
335506,SEAK Inside,AB (Groundfish-Salmon)
335531,SEAK Inside,AB (Groundfish-Salmon)
335532,SEAK Inside,AB (Groundfish-Salmon)
335533,SEAK Inside,AB (Groundfish-Salmon)
335534,SEAK Inside,AB (Groundfish-Salmon)
335535,SEAK Inside,AB (Groundfish-Salmon)
335601,SEAK Inside,AB (Groundfish-Salmon)
335602,SEAK Inside,AB (Groundfish-Salmon)
335603,SEAK Inside,AB (Groundfish-Salmon)
335631,SEAK Inside,AB (Groundfish-Salmon)
335632,SEAK Inside,AB (Groundfish-Salmon)
335633,SEAK Inside,AB (Groundfish-Salmon)
335634,SEAK Inside,AB (Groundfish-Salmon)
335701,SEAK Inside,AB (Groundfish-Salmon)
335702,SEAK Inside,AB (Groundfish-Salmon)
335703,SEAK Inside,AB (Groundfish-Salmon)
335704,SEAK Inside,AB (Groundfish-Salmon)
335705,SEAK Inside,AB (Groundfish-Salmon)
335731,SEAK Inside,AB (Groundfish-Salmon)
335732,SEAK Inside,AB (Groundfish-Salmon)
335733,SEAK Inside,AB (Groundfish-Salmon)
335734,SEAK Inside,AB (Groundfish-Salmon)
335735,SEAK Inside,AB (Groundfish-Salmon)
345401,SEAK Outside,AB (Groundfish-Salmon)
345430,SEAK Outside,AB (Groundfish-Salmon)
345500,SEAK Outside,AB (Groundfish-Salmon)
345532,SEAK Inside,AB (Groundfish-Salmon)
345533,SEAK Inside,AB (Groundfish-Salmon)
345534,SEAK Inside,AB (Groundfish-Salmon)
345535,SEAK Inside,AB (Groundfish-Salmon)
345536,SEAK Inside,AB (Groundfish-Salmon)
345537,SEAK Outside,AB (Groundfish-Salmon)
345602,SEAK Inside,AB (Groundfish-Salmon)
345603,SEAK Inside,AB (Groundfish-Salmon)
345604,SEAK Inside,AB (Groundfish-Salmon)
345605,SEAK Inside,AB (Groundfish-Salmon)
345606,SEAK Inside,AB (Groundfish-Salmon)
345607,SEAK Outside,AB (Groundfish-Salmon)
345608,SEAK Inside,AB (Groundfish-Salmon)
345631,SEAK Inside,AB (Groundfish-Salmon)
345632,SEAK Inside,AB (Groundfish-Salmon)
345701,SEAK Inside,AB (Groundfish-Salmon)
345702,SEAK Inside,AB (Groundfish-Salmon)
345703,SEAK Inside,AB (Groundfish-Salmon)
345704,SEAK Inside,AB (Groundfish-Salmon)
345705,SEAK Inside,AB (Groundfish-Salmon)
345706,SEAK Inside,AB (Groundfish-Salmon)
345731,SEAK Inside,AB (Groundfish-Salmon)
345732,SEAK Inside,AB (Groundfish-Salmon)
345801,SEAK Inside,AB (Groundfish-Salmon)
345802,SEAK Inside,AB (Groundfish-Salmon)
345803,SEAK Inside,AB (Groundfish-Salmon)
345830,SEAK Inside,AB (Groundfish-Salmon)
355401,SEAK Outside,AB (Groundfish-Salmon)
355430,SEAK Outside,AB (Groundfish-Salmon)
355500,SEAK Outside,AB (Groundfish-Salmon)
355530,SEAK Outside,AB (Groundfish-Salmon)
355601,SEAK Outside,AB (Groundfish-Salmon)
355602,SEAK Inside,AB (Groundfish-Salmon)
355631,SEAK Outside,AB (Groundfish-Salmon)
355632,SEAK Inside,AB (Groundfish-Salmon)
355633,SEAK Inside,AB (Groundfish-Salmon)
355634,SEAK Inside,AB (Groundfish-Salmon)
355635,SEAK Inside,AB (Groundfish-Salmon)
355702,SEAK Inside,AB (Groundfish-Salmon)
355703,SEAK Inside,AB (Groundfish-Salmon)
355704,SEAK Inside,AB (Groundfish-Salmon)
355705,SEAK Inside,AB (Groundfish-Salmon)
355706,SEAK Inside,AB (Groundfish-Salmon)
355707,SEAK Inside,AB (Groundfish-Salmon)
355731,SEAK Inside,AB (Groundfish-Salmon)
355732,SEAK Inside,AB (Groundfish-Salmon)
355733,SEAK Inside,AB (Groundfish-Salmon)
355801,SEAK Inside,AB (Groundfish-Salmon)
355802,SEAK Inside,AB (Groundfish-Salmon)
355830,SEAK Inside,AB (Groundfish-Salmon)
355900,SEAK Inside,AB (Groundfish-Salmon)
365330,Unassigned,AB (Groundfish-Salmon)
365430,Unassigned,AB (Groundfish-Salmon)
365500,SEAK Outside,AB (Groundfish-Salmon)
365530,SEAK Outside,AB (Groundfish-Salmon)
365600,SEAK Outside,AB (Groundfish-Salmon)
365630,SEAK Outside,AB (Groundfish-Salmon)
365701,SEAK Outside,AB (Groundfish-Salmon)
365702,SEAK Inside,AB (Groundfish-Salmon)
365731,SEAK Outside,AB (Groundfish-Salmon)
365732,SEAK Inside,AB (Groundfish-Salmon)
365733,SEAK Inside,AB (Groundfish-Salmon)
365734,SEAK Inside,AB (Groundfish-Salmon)
365735,SEAK Inside,AB (Groundfish-Salmon)
365801,SEAK Outside,AB (Groundfish-Salmon)
365802,SEAK Inside,AB (Groundfish-Salmon)
365803,SEAK Inside,AB (Groundfish-Salmon)
365804,SEAK Inside,AB (Groundfish-Salmon)
365805,SEAK Inside,AB (Groundfish-Salmon)
365830,SEAK Inside,AB (Groundfish-Salmon)
375530,Unassigned,AB (Groundfish-Salmon)
375600,Unassigned,AB (Groundfish-Salmon)
375630,SEAK Outside,AB (Groundfish-Salmon)
375700,SEAK Outside,AB (Groundfish-Salmon)
375730,SEAK Outside,AB (Groundfish-Salmon)
375801,SEAK Outside,AB (Groundfish-Salmon)
375802,SEAK Inside,AB (Groundfish-Salmon)
375831,SEAK Outside,AB (Groundfish-Salmon)
375832,SEAK Inside,AB (Groundfish-Salmon)
385400,Unassigned,AB (Groundfish-Salmon)
385430,Unassigned,AB (Groundfish-Salmon)
385500,Unassigned,AB (Groundfish-Salmon)
385600,Unassigned,AB (Groundfish-Salmon)
385630,Unassigned,AB (Groundfish-Salmon)
385700,SEAK Outside,AB (Groundfish-Salmon)
385730,SEAK Outside,AB (Groundfish-Salmon)
385800,SEAK Outside,AB (Groundfish-Salmon)
385831,Yakutat,AB (Groundfish-Salmon)
385832,Yakutat,AB (Groundfish-Salmon)
385901,Yakutat,AB (Groundfish-Salmon)
385902,Yakutat,AB (Groundfish-Salmon)
395500,Unassigned,AB (Groundfish-Salmon)
395600,Unassigned,AB (Groundfish-Salmon)
395630,Unassigned,AB (Groundfish-Salmon)
395700,Unassigned,AB (Groundfish-Salmon)
395730,Unassigned,AB (Groundfish-Salmon)
395800,Yakutat,AB (Groundfish-Salmon)
395830,Yakutat,AB (Groundfish-Salmon)
395901,Yakutat,AB (Groundfish-Salmon)
395902,Yakutat,AB (Groundfish-Salmon)
395931,Yakutat,AB (Groundfish-Salmon)
405430,Unassigned,AB (Groundfish-Salmon)
405530,Unassigned,AB (Groundfish-Salmon)
405630,Unassigned,AB (Groundfish-Salmon)
405700,Unassigned,AB (Groundfish-Salmon)
405730,Unassigned,AB (Groundfish-Salmon)
405800,Yakutat,AB (Groundfish-Salmon)
405830,Yakutat,AB (Groundfish-Salmon)
405900,Yakutat,AB (Groundfish-Salmon)
405932,Yakutat,AB (Groundfish-Salmon)
405933,Yakutat,AB (Groundfish-Salmon)
405934,Yakutat,AB (Groundfish-Salmon)
415500,Unassigned,AB (Groundfish-Salmon)
415530,Unassigned,AB (Groundfish-Salmon)
415600,Unassigned,AB (Groundfish-Salmon)
415630,Unassigned,AB (Groundfish-Salmon)
415800,Yakutat,AB (Groundfish-Salmon)
415830,Yakutat,AB (Groundfish-Salmon)
415900,Yakutat,AB (Groundfish-Salmon)
415931,Yakutat,AB (Groundfish-Salmon)
415932,Yakutat,AB (Groundfish-Salmon)
425600,Unassigned,AB (Groundfish-Salmon)
425700,Unassigned,AB (Groundfish-Salmon)
425800,Unassigned,AB (Groundfish-Salmon)
425830,Yakutat,AB (Groundfish-Salmon)
425900,Yakutat,AB (Groundfish-Salmon)
425931,Yakutat,AB (Groundfish-Salmon)
426002,Yakutat,AB (Groundfish-Salmon)
435600,Unassigned,AB (Groundfish-Salmon)
435630,Unassigned,AB (Groundfish-Salmon)
435700,Unassigned,AB (Groundfish-Salmon)
435730,Unassigned,AB (Groundfish-Salmon)
435800,Unassigned,AB (Groundfish-Salmon)
435830,Yakutat,AB (Groundfish-Salmon)
435900,Yakutat,AB (Groundfish-Salmon)
435931,Yakutat,AB (Groundfish-Salmon)
435932,Yakutat,AB (Groundfish-Salmon)
436000,Yakutat,AB (Groundfish-Salmon)
445600,Unassigned,AB (Groundfish-Salmon)
445730,Unassigned,AB (Groundfish-Salmon)
445800,Unassigned,AB (Groundfish-Salmon)
445830,Unassigned,AB (Groundfish-Salmon)
445900,PWS,AB (Groundfish-Salmon)
445931,PWS,AB (Groundfish-Salmon)
445932,PWS,AB (Groundfish-Salmon)
446001,PWS,AB (Groundfish-Salmon)
446002,PWS,AB (Groundfish-Salmon)
446003,PWS,AB (Groundfish-Salmon)
455700,Unassigned,AB (Groundfish-Salmon)
455730,Unassigned,AB (Groundfish-Salmon)
455800,Unassigned,AB (Groundfish-Salmon)
455830,Unassigned,AB (Groundfish-Salmon)
455900,PWS,AB (Groundfish-Salmon)
455930,PWS,AB (Groundfish-Salmon)
456001,PWS,AB (Groundfish-Salmon)
456002,PWS,AB (Groundfish-Salmon)
456003,PWS,AB (Groundfish-Salmon)
456004,PWS,AB (Groundfish-Salmon)
456031,PWS,AB (Groundfish-Salmon)
456032,PWS,AB (Groundfish-Salmon)
465600,Unassigned,AB (Groundfish-Salmon)
465630,Unassigned,AB (Groundfish-Salmon)
465700,Unassigned,AB (Groundfish-Salmon)
465730,Unassigned,AB (Groundfish-Salmon)
465800,Unassigned,AB (Groundfish-Salmon)
465830,Kodiak,AB (Groundfish-Salmon)
465901,PWS,AB (Groundfish-Salmon)
465902,PWS,AB (Groundfish-Salmon)
465903,PWS,AB (Groundfish-Salmon)
465904,PWS,AB (Groundfish-Salmon)
465931,PWS,AB (Groundfish-Salmon)
465932,PWS,AB (Groundfish-Salmon)
465933,PWS,AB (Groundfish-Salmon)
466001,PWS,AB (Groundfish-Salmon)
466002,PWS,AB (Groundfish-Salmon)
466003,PWS,AB (Groundfish-Salmon)
466004,PWS,AB (Groundfish-Salmon)
466005,PWS,AB (Groundfish-Salmon)
466031,PWS,AB (Groundfish-Salmon)
466032,PWS,AB (Groundfish-Salmon)
466033,PWS,AB (Groundfish-Salmon)
466100,PWS,AB (Groundfish-Salmon)
475500,Unassigned,AB (Groundfish-Salmon)
475600,Unassigned,AB (Groundfish-Salmon)
475700,Unassigned,AB (Groundfish-Salmon)
475730,Kodiak,AB (Groundfish-Salmon)
475800,Kodiak,AB (Groundfish-Salmon)
475830,Kodiak,AB (Groundfish-Salmon)
475900,PWS,AB (Groundfish-Salmon)
475931,PWS,AB (Groundfish-Salmon)
475932,PWS,AB (Groundfish-Salmon)
475933,PWS,AB (Groundfish-Salmon)
475934,PWS,AB (Groundfish-Salmon)
476001,PWS,AB (Groundfish-Salmon)
476002,PWS,AB (Groundfish-Salmon)
476003,PWS,AB (Groundfish-Salmon)
476004,PWS,AB (Groundfish-Salmon)
476005,PWS,AB (Groundfish-Salmon)
476006,PWS,AB (Groundfish-Salmon)
476007,PWS,AB (Groundfish-Salmon)
476008,PWS,AB (Groundfish-Salmon)
476009,PWS,AB (Groundfish-Salmon)
476031,PWS,AB (Groundfish-Salmon)
476032,PWS,AB (Groundfish-Salmon)
476033,PWS,AB (Groundfish-Salmon)
476034,PWS,AB (Groundfish-Salmon)
476035,PWS,AB (Groundfish-Salmon)
476036,PWS,AB (Groundfish-Salmon)
476101,PWS,AB (Groundfish-Salmon)
476102,PWS,AB (Groundfish-Salmon)
485430,Unassigned,AB (Groundfish-Salmon)
485500,Unassigned,AB (Groundfish-Salmon)
485700,Kodiak,AB (Groundfish-Salmon)
485730,Kodiak,AB (Groundfish-Salmon)
485800,Kodiak,AB (Groundfish-Salmon)
485831,Kodiak,AB (Groundfish-Salmon)
485832,Cook Inlet,AB (Groundfish-Salmon)
485901,PWS,AB (Groundfish-Salmon)
485902,Cook Inlet,AB (Groundfish-Salmon)
485931,PWS,AB (Groundfish-Salmon)
485932,PWS,AB (Groundfish-Salmon)
485933,PWS,AB (Groundfish-Salmon)
485934,Cook Inlet,AB (Groundfish-Salmon)
485935,PWS,AB (Groundfish-Salmon)
486001,PWS,AB (Groundfish-Salmon)
486002,PWS,AB (Groundfish-Salmon)
486003,PWS,AB (Groundfish-Salmon)
486004,PWS,AB (Groundfish-Salmon)
486005,PWS,AB (Groundfish-Salmon)
486031,PWS,AB (Groundfish-Salmon)
486032,PWS,AB (Groundfish-Salmon)
486033,PWS,AB (Groundfish-Salmon)
486034,PWS,AB (Groundfish-Salmon)
486100,PWS,AB (Groundfish-Salmon)
495400,Unassigned,AB (Groundfish-Salmon)
495430,Unassigned,AB (Groundfish-Salmon)
495500,Unassigned,AB (Groundfish-Salmon)
495600,Unassigned,AB (Groundfish-Salmon)
495630,Unassigned,AB (Groundfish-Salmon)
495700,Kodiak,AB (Groundfish-Salmon)
495730,Kodiak,AB (Groundfish-Salmon)
495800,Kodiak,AB (Groundfish-Salmon)
495831,Cook Inlet,AB (Groundfish-Salmon)
495832,Kodiak,AB (Groundfish-Salmon)
495901,Cook Inlet,AB (Groundfish-Salmon)
495902,Cook Inlet,AB (Groundfish-Salmon)
495931,Cook Inlet,AB (Groundfish-Salmon)
495932,Cook Inlet,AB (Groundfish-Salmon)
495933,Cook Inlet,AB (Groundfish-Salmon)
495934,Cook Inlet,AB (Groundfish-Salmon)
495935,Cook Inlet,AB (Groundfish-Salmon)
495936,Cook Inlet,AB (Groundfish-Salmon)
495937,Cook Inlet,AB (Groundfish-Salmon)
495938,Cook Inlet,AB (Groundfish-Salmon)
495939,Cook Inlet,AB (Groundfish-Salmon)
496001,Cook Inlet,AB (Groundfish-Salmon)
496002,Cook Inlet,AB (Groundfish-Salmon)
505400,Unassigned,AB (Groundfish-Salmon)
505430,Unassigned,AB (Groundfish-Salmon)
505500,Unassigned,AB (Groundfish-Salmon)
505600,Kodiak,AB (Groundfish-Salmon)
505630,Kodiak,AB (Groundfish-Salmon)
505700,Kodiak,AB (Groundfish-Salmon)
505730,Kodiak,AB (Groundfish-Salmon)
505800,Kodiak,AB (Groundfish-Salmon)
505831,Cook Inlet,AB (Groundfish-Salmon)
505832,Kodiak,AB (Groundfish-Salmon)
505901,Cook Inlet,AB (Groundfish-Salmon)
505902,Cook Inlet,AB (Groundfish-Salmon)
505903,Cook Inlet,AB (Groundfish-Salmon)
505904,Cook Inlet,AB (Groundfish-Salmon)
505905,Cook Inlet,AB (Groundfish-Salmon)
505906,Cook Inlet,AB (Groundfish-Salmon)
505907,Cook Inlet,AB (Groundfish-Salmon)
505908,Cook Inlet,AB (Groundfish-Salmon)
505909,Cook Inlet,AB (Groundfish-Salmon)
505931,Cook Inlet,AB (Groundfish-Salmon)
505932,Cook Inlet,AB (Groundfish-Salmon)
505933,Cook Inlet,AB (Groundfish-Salmon)
505934,Cook Inlet,AB (Groundfish-Salmon)
513176,Western Aleutians,AB (IPHC)
513177,Western Aleutians,AB (IPHC)
513178,Western Aleutians,AB (IPHC)
513179,Western Aleutians,AB (IPHC)
513277,Western Aleutians,AB (IPHC)
513278,Western Aleutians,AB (IPHC)
513279,Western Aleutians,AB (IPHC)
514700,Western Aleutians,AB (IPHC)
515300,Unassigned,AB (Groundfish-Salmon)
515430,Unassigned,AB (Groundfish-Salmon)
515500,Unassigned,AB (Groundfish-Salmon)
515530,Unassigned,AB (Groundfish-Salmon)
515600,Kodiak,AB (Groundfish-Salmon)
515630,Kodiak,AB (Groundfish-Salmon)
515700,Kodiak,AB (Groundfish-Salmon)
515730,Kodiak,AB (Groundfish-Salmon)
515801,Kodiak,AB (Groundfish-Salmon)
515802,Kodiak,AB (Groundfish-Salmon)
515831,Cook Inlet,AB (Groundfish-Salmon)
515832,Cook Inlet,AB (Groundfish-Salmon)
515833,Kodiak,AB (Groundfish-Salmon)
515901,Cook Inlet,AB (Groundfish-Salmon)
515902,Cook Inlet,AB (Groundfish-Salmon)
515903,Cook Inlet,AB (Groundfish-Salmon)
515904,Cook Inlet,AB (Groundfish-Salmon)
515905,Cook Inlet,AB (Groundfish-Salmon)
515906,Cook Inlet,AB (Groundfish-Salmon)
515907,Cook Inlet,AB (Groundfish-Salmon)
515908,Cook Inlet,AB (Groundfish-Salmon)
515931,Cook Inlet,AB (Groundfish-Salmon)
515932,Cook Inlet,AB (Groundfish-Salmon)
515933,Cook Inlet,AB (Groundfish-Salmon)
515934,Cook Inlet,AB (Groundfish-Salmon)
515935,Cook Inlet,AB (Groundfish-Salmon)
515936,Cook Inlet,AB (Groundfish-Salmon)
515937,Cook Inlet,AB (Groundfish-Salmon)
515938,Cook Inlet,AB (Groundfish-Salmon)
515939,Cook Inlet,AB (Groundfish-Salmon)
516001,Cook Inlet,AB (Groundfish-Salmon)
516002,Cook Inlet,AB (Groundfish-Salmon)
516030,Cook Inlet,AB (Groundfish-Salmon)
520172,Western Aleutians,AB (IPHC)
520173,Western Aleutians,AB (IPHC)
520174,Western Aleutians,AB (IPHC)
520175,Western Aleutians,AB (IPHC)
520176,Western Aleutians,AB (IPHC)
520177,Western Aleutians,AB (IPHC)
520178,Western Aleutians,AB (IPHC)
520179,Western Aleutians,AB (IPHC)
520274,Western Aleutians,AB (IPHC)
520275,Western Aleutians,AB (IPHC)
520276,Western Aleutians,AB (IPHC)
520277,Western Aleutians,AB (IPHC)
520278,Western Aleutians,AB (IPHC)
520279,Western Aleutians,AB (IPHC)
523168,Eastern Aleutians,AB (IPHC)
523169,Eastern Aleutians,AB (IPHC)
523170,Eastern Aleutians,AB (IPHC)
523171,Eastern Aleutians,AB (IPHC)
523172,Western Aleutians,AB (IPHC)
523173,Western Aleutians,AB (IPHC)
523174,Western Aleutians,AB (IPHC)
523175,Western Aleutians,AB (IPHC)
523176,Western Aleutians,AB (IPHC)
523179,Western Aleutians,AB (IPHC)
523272,Western Aleutians,AB (IPHC)
523273,Western Aleutians,AB (IPHC)
523274,Western Aleutians,AB (IPHC)
523279,Western Aleutians,AB (IPHC)
525300,Unassigned,AB (Groundfish-Salmon)
525330,Unassigned,AB (Groundfish-Salmon)
525430,Unassigned,AB (Groundfish-Salmon)
525500,Unassigned,AB (Groundfish-Salmon)
525530,Unassigned,AB (Groundfish-Salmon)
525600,Kodiak,AB (Groundfish-Salmon)
525630,Kodiak,AB (Groundfish-Salmon)
525701,Kodiak,AB (Groundfish-Salmon)
525702,Kodiak,AB (Groundfish-Salmon)
525703,Kodiak,AB (Groundfish-Salmon)
525731,Kodiak,AB (Groundfish-Salmon)
525732,Kodiak,AB (Groundfish-Salmon)
525733,Kodiak,AB (Groundfish-Salmon)
525801,Kodiak,AB (Groundfish-Salmon)
525802,Kodiak,AB (Groundfish-Salmon)
525803,Kodiak,AB (Groundfish-Salmon)
525804,Kodiak,AB (Groundfish-Salmon)
525805,Kodiak,AB (Groundfish-Salmon)
525806,Kodiak,AB (Groundfish-Salmon)
525807,Kodiak,AB (Groundfish-Salmon)
525831,Cook Inlet,AB (Groundfish-Salmon)
525832,Cook Inlet,AB (Groundfish-Salmon)
525833,Kodiak,AB (Groundfish-Salmon)
525834,Kodiak,AB (Groundfish-Salmon)
525835,Cook Inlet,AB (Groundfish-Salmon)
525836,Cook Inlet,AB (Groundfish-Salmon)
525837,Cook Inlet,AB (Groundfish-Salmon)
525901,Cook Inlet,AB (Groundfish-Salmon)
525902,Cook Inlet,AB (Groundfish-Salmon)
525931,Cook Inlet,AB (Groundfish-Salmon)
525932,Cook Inlet,AB (Groundfish-Salmon)
526002,Cook Inlet,AB (Groundfish-Salmon)
526003,Cook Inlet,AB (Groundfish-Salmon)
530168,Eastern Aleutians,AB (IPHC)
530169,Eastern Aleutians,AB (IPHC)
530170,Eastern Aleutians,AB (IPHC)
530172,Bering Sea,AB (IPHC)
530173,Western Aleutians,AB (IPHC)
530174,Western Aleutians,AB (IPHC)
530175,Western Aleutians,AB (IPHC)
530179,Western Aleutians,AB (IPHC)
530272,Western Aleutians,AB (IPHC)
530273,Western Aleutians,AB (IPHC)
530279,Western Aleutians,AB (IPHC)
533166,Eastern Aleutians,AB (IPHC)
533167,Eastern Aleutians,AB (IPHC)
533168,Eastern Aleutians,AB (IPHC)
533170,Bering Sea,AB (IPHC)
533172,Bering Sea,AB (IPHC)
533173,Western Aleutians,AB (IPHC)
533174,Western Aleutians,AB (IPHC)
535300,Unassigned,AB (Groundfish-Salmon)
535330,Unassigned,AB (Groundfish-Salmon)
535400,Unassigned,AB (Groundfish-Salmon)
535430,Unassigned,AB (Groundfish-Salmon)
535500,Kodiak,AB (Groundfish-Salmon)
535530,Kodiak,AB (Groundfish-Salmon)
535601,Kodiak,AB (Groundfish-Salmon)
535602,Kodiak,AB (Groundfish-Salmon)
535631,Kodiak,AB (Groundfish-Salmon)
535632,Kodiak,AB (Groundfish-Salmon)
535633,Kodiak,AB (Groundfish-Salmon)
535634,Kodiak,AB (Groundfish-Salmon)
535635,Kodiak,AB (Groundfish-Salmon)
535701,Kodiak,AB (Groundfish-Salmon)
535702,Kodiak,AB (Groundfish-Salmon)
535703,Kodiak,AB (Groundfish-Salmon)
535704,Kodiak,AB (Groundfish-Salmon)
535705,Kodiak,AB (Groundfish-Salmon)
535706,Kodiak,AB (Groundfish-Salmon)
535707,Kodiak,AB (Groundfish-Salmon)
535731,Kodiak,AB (Groundfish-Salmon)
535732,Kodiak,AB (Groundfish-Salmon)
535733,Kodiak,AB (Groundfish-Salmon)
535734,Kodiak,AB (Groundfish-Salmon)
535801,Kodiak,AB (Groundfish-Salmon)
535802,Kodiak,AB (Groundfish-Salmon)
535803,Kodiak,AB (Groundfish-Salmon)
535831,Kodiak,AB (Groundfish-Salmon)
535832,Kodiak,AB (Groundfish-Salmon)
535833,Cook Inlet,AB (Groundfish-Salmon)
535834,Cook Inlet,AB (Groundfish-Salmon)
535901,Cook Inlet,AB (Groundfish-Salmon)
535902,Cook Inlet,AB (Groundfish-Salmon)
535903,Cook Inlet,AB (Groundfish-Salmon)
535904,Cook Inlet,AB (Groundfish-Salmon)
535905,Cook Inlet,AB (Groundfish-Salmon)
535906,Cook Inlet,AB (Groundfish-Salmon)
535931,Cook Inlet,AB (Groundfish-Salmon)
535932,Cook Inlet,AB (Groundfish-Salmon)
535933,Cook Inlet,AB (Groundfish-Salmon)
540165,Eastern Aleutians,AB (IPHC)
540166,Eastern Aleutians,AB (IPHC)
540167,Eastern Aleutians,AB (IPHC)
540168,Bering Sea,AB (IPHC)
540169,Bering Sea,AB (IPHC)
540175,Western Aleutians,AB (IPHC)
540179,Western Aleutians,AB (IPHC)
540273,Western Aleutians,AB (IPHC)
540279,Western Aleutians,AB (IPHC)
543165,Bering Sea,AB (IPHC)
543166,Bering Sea,AB (IPHC)
543167,Bering Sea,AB (IPHC)
545330,Unassigned,AB (Groundfish-Salmon)
545400,Unassigned,AB (Groundfish-Salmon)
545430,Unassigned,AB (Groundfish-Salmon)
545500,Kodiak,AB (Groundfish-Salmon)
545530,Kodiak,AB (Groundfish-Salmon)
545601,Kodiak,AB (Groundfish-Salmon)
545602,Kodiak,AB (Groundfish-Salmon)
545631,Kodiak,AB (Groundfish-Salmon)
545632,Kodiak,AB (Groundfish-Salmon)
545633,Kodiak,AB (Groundfish-Salmon)
545701,Kodiak,AB (Groundfish-Salmon)
545702,Kodiak,AB (Groundfish-Salmon)
545703,Kodiak,AB (Groundfish-Salmon)
545704,Kodiak,AB (Groundfish-Salmon)
545731,Kodiak,AB (Groundfish-Salmon)
545732,Kodiak,AB (Groundfish-Salmon)
545733,Kodiak,AB (Groundfish-Salmon)
545734,Kodiak,AB (Groundfish-Salmon)
545801,Kodiak,AB (Groundfish-Salmon)
545802,Kodiak,AB (Groundfish-Salmon)
545803,Kodiak,AB (Groundfish-Salmon)
545804,Kodiak,AB (Groundfish-Salmon)
550166,Bering Sea,AB (IPHC)
550167,Bering Sea,AB (IPHC)
550168,Bering Sea,AB (IPHC)
550169,Bering Sea,AB (IPHC)
550170,Bering Sea,AB (IPHC)
553168,Bering Sea,AB (IPHC)
553169,Bering Sea,AB (IPHC)
553170,Bering Sea,AB (IPHC)
555330,Unassigned,AB (Groundfish-Salmon)
555400,Unassigned,AB (Groundfish-Salmon)
555430,Kodiak,AB (Groundfish-Salmon)
555500,Kodiak,AB (Groundfish-Salmon)
555531,Kodiak,AB (Groundfish-Salmon)
555532,Kodiak,AB (Groundfish-Salmon)
555600,Kodiak,AB (Groundfish-Salmon)
555630,Kodiak,AB (Groundfish-Salmon)
555701,Kodiak,AB (Groundfish-Salmon)
555702,Kodiak,AB (Groundfish-Salmon)
555731,Kodiak,AB (Groundfish-Salmon)
555732,Kodiak,AB (Groundfish-Salmon)
555733,Kodiak,AB (Groundfish-Salmon)
560168,Bering Sea,AB (IPHC)
560169,Bering Sea,AB (IPHC)
560170,Bering Sea,AB (IPHC)
560171,Bering Sea,AB (IPHC)
563158,Alaska Peninsula,AB (IPHC)
563167,Bering Sea,AB (IPHC)
563168,Bering Sea,AB (IPHC)
563169,Bering Sea,AB (IPHC)
563170,Bering Sea,AB (IPHC)
563171,Bering Sea,AB (IPHC)
563172,Bering Sea,AB (IPHC)
563173,Bering Sea,AB (IPHC)
563174,Bering Sea,AB (IPHC)
563177,Bering Sea,AB (IPHC)
565302,Unassigned,AB (Groundfish-Salmon)
565333,Unassigned,AB (Groundfish-Salmon)
565402,Unassigned,AB (Groundfish-Salmon)
565431,Alaska Peninsula,AB (Groundfish-Salmon)
565432,Alaska Peninsula,AB (Groundfish-Salmon)
565501,Alaska Peninsula,AB (Groundfish-Salmon)
565502,Alaska Peninsula,AB (Groundfish-Salmon)
565531,Alaska Peninsula,AB (Groundfish-Salmon)
565533,Alaska Peninsula,AB (Groundfish-Salmon)
565534,Alaska Peninsula,AB (Groundfish-Salmon)
565602,Alaska Peninsula,AB (Groundfish-Salmon)
565603,Alaska Peninsula,AB (Groundfish-Salmon)
565604,Alaska Peninsula,AB (Groundfish-Salmon)
565632,Alaska Peninsula,AB (Groundfish-Salmon)
565633,Alaska Peninsula,AB (Groundfish-Salmon)
565634,Alaska Peninsula,AB (Groundfish-Salmon)
565635,Alaska Peninsula,AB (Groundfish-Salmon)
565702,Alaska Peninsula,AB (Groundfish-Salmon)
565703,Alaska Peninsula,AB (Groundfish-Salmon)
565704,Alaska Peninsula,AB (Groundfish-Salmon)
570158,Bering Sea,AB (IPHC)
570159,Bering Sea,AB (IPHC)
570166,Bering Sea,AB (IPHC)
570167,Bering Sea,AB (IPHC)
570169,Bering Sea,AB (IPHC)
570170,Bering Sea,AB (IPHC)
570171,Bering Sea,AB (IPHC)
570172,Bering Sea,AB (IPHC)
570173,Bering Sea,AB (IPHC)
570174,Bering Sea,AB (IPHC)
573157,Bristol Bay,AB (IPHC)
573158,Bristol Bay,AB (IPHC)
573159,Bristol Bay,AB (IPHC)
573167,Bering Sea,AB (IPHC)
573170,Bering Sea,AB (IPHC)
573171,Bering Sea,AB (IPHC)
573173,Bering Sea,AB (IPHC)
573174,Bering Sea,AB (IPHC)
573175,Bering Sea,AB (IPHC)
575232,Unassigned,AB (Groundfish-Salmon)
575301,Unassigned,AB (Groundfish-Salmon)
575401,Alaska Peninsula,AB (Groundfish-Salmon)
575402,Alaska Peninsula,AB (Groundfish-Salmon)
575403,Alaska Peninsula,AB (Groundfish-Salmon)
575431,Alaska Peninsula,AB (Groundfish-Salmon)
575432,Alaska Peninsula,AB (Groundfish-Salmon)
575433,Alaska Peninsula,AB (Groundfish-Salmon)
575501,Alaska Peninsula,AB (Groundfish-Salmon)
575502,Alaska Peninsula,AB (Groundfish-Salmon)
575531,Alaska Peninsula,AB (Groundfish-Salmon)
575532,Alaska Peninsula,AB (Groundfish-Salmon)
575601,Alaska Peninsula,AB (Groundfish-Salmon)
575603,Alaska Peninsula,AB (Groundfish-Salmon)
575604,Alaska Peninsula,AB (Groundfish-Salmon)
575605,Alaska Peninsula,AB (Groundfish-Salmon)
575632,Alaska Peninsula,AB (Groundfish-Salmon)
575633,Alaska Peninsula,AB (Groundfish-Salmon)
575634,Alaska Peninsula,AB (Groundfish-Salmon)
575635,Alaska Peninsula,AB (Groundfish-Salmon)
575731,Bristol Bay,AB (Groundfish-Salmon)
575732,Bristol Bay,AB (Groundfish-Salmon)
575801,Bristol Bay,AB (Groundfish-Salmon)
575802,Bristol Bay,AB (Groundfish-Salmon)
575830,Bristol Bay,AB (Groundfish-Salmon)
580157,Bristol Bay,AB (IPHC)
580158,Bristol Bay,AB (IPHC)
580159,Bristol Bay,AB (IPHC)
580160,Bristol Bay,AB (IPHC)
580161,Bering Sea,AB (IPHC)
580165,Bering Sea,AB (IPHC)
580167,Bering Sea,AB (IPHC)
580172,Bering Sea,AB (IPHC)
580173,Bering Sea,AB (IPHC)
580174,Bering Sea,AB (IPHC)
580175,Bering Sea,AB (IPHC)
580178,Bering Sea,AB (IPHC)
583157,Bristol Bay,AB (IPHC)
583158,Bristol Bay,AB (IPHC)
583159,Bristol Bay,AB (IPHC)
583160,Bristol Bay,AB (IPHC)
583161,Bristol Bay,AB (IPHC)
583162,Kuskokwim,AB (IPHC)
583165,Bering Sea,AB (IPHC)
583166,Bering Sea,AB (IPHC)
583168,Bering Sea,AB (IPHC)
583172,Bering Sea,AB (IPHC)
583173,Bering Sea,AB (IPHC)
583174,Bering Sea,AB (IPHC)
583175,Bering Sea,AB (IPHC)
583176,Bering Sea,AB (IPHC)
583177,Bering Sea,AB (IPHC)
583178,Bering Sea,AB (IPHC)
585400,Alaska Peninsula,AB (Groundfish-Salmon)
585431,Alaska Peninsula,AB (Groundfish-Salmon)
585432,Alaska Peninsula,AB (Groundfish-Salmon)
585501,Alaska Peninsula,AB (Groundfish-Salmon)
585502,Alaska Peninsula,AB (Groundfish-Salmon)
585531,Alaska Peninsula,AB (Groundfish-Salmon)
585532,Alaska Peninsula,AB (Groundfish-Salmon)
585601,Alaska Peninsula,AB (Groundfish-Salmon)
585602,Alaska Peninsula,AB (Groundfish-Salmon)
585603,Alaska Peninsula,AB (Groundfish-Salmon)
585631,Alaska Peninsula,AB (Groundfish-Salmon)
585632,Bering Sea,AB (Groundfish-Salmon)
585701,Bering Sea,AB (Groundfish-Salmon)
585730,Bristol Bay,AB (Groundfish-Salmon)
585801,Bristol Bay,AB (Groundfish-Salmon)
585802,Bristol Bay,AB (Groundfish-Salmon)
585830,Bristol Bay,AB (Groundfish-Salmon)
590162,Kuskokwim,AB (IPHC)
590165,Bering Sea,AB (IPHC)
590176,Bering Sea,AB (IPHC)
590177,Bering Sea,AB (IPHC)
590178,Bering Sea,AB (IPHC)
593164,Kuskokwim,AB (IPHC)
593165,Kuskokwim,AB (IPHC)
593166,Kuskokwim,AB (IPHC)
593167,Kuskokwim,AB (IPHC)
593176,Bering Sea,AB (IPHC)
593177,Bering Sea,AB (IPHC)
593178,Bering Sea,AB (IPHC)
595300,Unassigned,AB (Groundfish-Salmon)
595330,Unassigned,AB (Groundfish-Salmon)
595400,Alaska Peninsula,AB (Groundfish-Salmon)
595431,Alaska Peninsula,AB (Groundfish-Salmon)
595432,Alaska Peninsula,AB (Groundfish-Salmon)
595433,Alaska Peninsula,AB (Groundfish-Salmon)
595434,Alaska Peninsula,AB (Groundfish-Salmon)
595502,Alaska Peninsula,AB (Groundfish-Salmon)
595503,Alaska Peninsula,AB (Groundfish-Salmon)
595504,Alaska Peninsula,AB (Groundfish-Salmon)
595505,Alaska Peninsula,AB (Groundfish-Salmon)
595506,Alaska Peninsula,AB (Groundfish-Salmon)
595531,Alaska Peninsula,AB (Groundfish-Salmon)
595532,Alaska Peninsula,AB (Groundfish-Salmon)
595533,Alaska Peninsula,AB (Groundfish-Salmon)
595631,Bering Sea,AB (Groundfish-Salmon)
595632,Bering Sea,AB (Groundfish-Salmon)
595700,Bering Sea,AB (Groundfish-Salmon)
595730,Bristol Bay,AB (Groundfish-Salmon)
595801,Bristol Bay,AB (Groundfish-Salmon)
595802,Bristol Bay,AB (Groundfish-Salmon)
595831,Bristol Bay,AB (Groundfish-Salmon)
595832,Bristol Bay,AB (Groundfish-Salmon)
600164,Kuskokwim,AB (IPHC)
600165,Kuskokwim,AB (IPHC)
600166,Kuskokwim,AB (IPHC)
600167,Kuskokwim,AB (IPHC)
600168,Bering Sea,AB (IPHC)
600171,Bering Sea,AB (IPHC)
600172,Bering Sea,AB (IPHC)
600173,Bering Sea,AB (IPHC)
603165,Kuskokwim,AB (IPHC)
603166,Kuskokwim,AB (IPHC)
603167,Kuskokwim,AB (IPHC)
603172,Bering Sea,AB (IPHC)
603173,Bering Sea,AB (IPHC)
605300,Unassigned,AB (Groundfish-Salmon)
605330,Alaska Peninsula,AB (Groundfish-Salmon)
605400,Alaska Peninsula,AB (Groundfish-Salmon)
605431,Alaska Peninsula,AB (Groundfish-Salmon)
605432,Alaska Peninsula,AB (Groundfish-Salmon)
605501,Alaska Peninsula,AB (Groundfish-Salmon)
605502,Alaska Peninsula,AB (Groundfish-Salmon)
605503,Alaska Peninsula,AB (Groundfish-Salmon)
605504,Alaska Peninsula,AB (Groundfish-Salmon)
605505,Alaska Peninsula,AB (Groundfish-Salmon)
605506,Alaska Peninsula,AB (Groundfish-Salmon)
605507,Alaska Peninsula,AB (Groundfish-Salmon)
605531,Alaska Peninsula,AB (Groundfish-Salmon)
605532,Alaska Peninsula,AB (Groundfish-Salmon)
605533,Alaska Peninsula,AB (Groundfish-Salmon)
605534,Alaska Peninsula,AB (Groundfish-Salmon)
605535,Alaska Peninsula,AB (Groundfish-Salmon)
605601,Bering Sea,AB (Groundfish-Salmon)
605602,Alaska Peninsula,AB (Groundfish-Salmon)
605630,Bering Sea,AB (Groundfish-Salmon)
605700,Bering Sea,AB (Groundfish-Salmon)
605730,Bering Sea,AB (Groundfish-Salmon)
605800,Bristol Bay,AB (Groundfish-Salmon)
605831,Bristol Bay,AB (Groundfish-Salmon)
605832,Bristol Bay,AB (Groundfish-Salmon)
605833,Bristol Bay,AB (Groundfish-Salmon)
605834,Bristol Bay,AB (Groundfish-Salmon)
613166,Yukon,AB (IPHC)
613167,Yukon,AB (IPHC)
615300,Unassigned,AB (Groundfish-Salmon)
615330,Alaska Peninsula,AB (Groundfish-Salmon)
615400,Alaska Peninsula,AB (Groundfish-Salmon)
615431,Alaska Peninsula,AB (Groundfish-Salmon)
615432,Alaska Peninsula,AB (Groundfish-Salmon)
615501,Alaska Peninsula,AB (Groundfish-Salmon)
615502,Alaska Peninsula,AB (Groundfish-Salmon)
615503,Alaska Peninsula,AB (Groundfish-Salmon)
615504,Alaska Peninsula,AB (Groundfish-Salmon)
615505,Alaska Peninsula,AB (Groundfish-Salmon)
615506,Alaska Peninsula,AB (Groundfish-Salmon)
615507,Alaska Peninsula,AB (Groundfish-Salmon)
615508,Alaska Peninsula,AB (Groundfish-Salmon)
615509,Alaska Peninsula,AB (Groundfish-Salmon)
615531,Alaska Peninsula,AB (Groundfish-Salmon)
615532,Alaska Peninsula,AB (Groundfish-Salmon)
615534,Bering Sea,AB (Groundfish-Salmon)
615601,Bering Sea,AB (Groundfish-Salmon)
615602,Alaska Peninsula,AB (Groundfish-Salmon)
615630,Bering Sea,AB (Groundfish-Salmon)
615700,Bering Sea,AB (Groundfish-Salmon)
615730,Bering Sea,AB (Groundfish-Salmon)
615800,Bering Sea,AB (Groundfish-Salmon)
615831,Bristol Bay,AB (Groundfish-Salmon)
615832,Bristol Bay,AB (Groundfish-Salmon)
616331,Norton Sound,AB (Groundfish-Salmon)
616332,Norton Sound,AB (Groundfish-Salmon)
616401,Norton Sound,AB (Groundfish-Salmon)
616402,Norton Sound,AB (Groundfish-Salmon)
616432,Norton Sound,AB (Groundfish-Salmon)
623165,Yukon,AB (IPHC)
625200,Unassigned,AB (Groundfish-Salmon)
625300,Unassigned,AB (Groundfish-Salmon)
625330,Alaska Peninsula,AB (Groundfish-Salmon)
625401,Alaska Peninsula,AB (Groundfish-Salmon)
625402,Alaska Peninsula,AB (Groundfish-Salmon)
625403,Alaska Peninsula,AB (Groundfish-Salmon)
625404,Alaska Peninsula,AB (Groundfish-Salmon)
625431,Alaska Peninsula,AB (Groundfish-Salmon)
625432,Alaska Peninsula,AB (Groundfish-Salmon)
625433,Alaska Peninsula,AB (Groundfish-Salmon)
625434,Alaska Peninsula,AB (Groundfish-Salmon)
625435,Alaska Peninsula,AB (Groundfish-Salmon)
625436,Alaska Peninsula,AB (Groundfish-Salmon)
625437,Alaska Peninsula,AB (Groundfish-Salmon)
625438,Alaska Peninsula,AB (Groundfish-Salmon)
625501,Alaska Peninsula,AB (Groundfish-Salmon)
625502,Alaska Peninsula,AB (Groundfish-Salmon)
625503,Alaska Peninsula,AB (Groundfish-Salmon)
625504,Alaska Peninsula,AB (Groundfish-Salmon)
625531,Bering Sea,AB (Groundfish-Salmon)
625532,Alaska Peninsula,AB (Groundfish-Salmon)
625600,Bering Sea,AB (Groundfish-Salmon)
625630,Bering Sea,AB (Groundfish-Salmon)
625700,Bering Sea,AB (Groundfish-Salmon)
625730,Bering Sea,AB (Groundfish-Salmon)
625800,Bering Sea,AB (Groundfish-Salmon)
625831,Kuskokwim,AB (Groundfish-Salmon)
625832,Kuskokwim,AB (Groundfish-Salmon)
625901,Kuskokwim,AB (Groundfish-Salmon)
625931,Kuskokwim,AB (Groundfish-Salmon)
626331,Norton Sound,AB (Groundfish-Salmon)
626332,Norton Sound,AB (Groundfish-Salmon)
626401,Norton Sound,AB (Groundfish-Salmon)
626402,Norton Sound,AB (Groundfish-Salmon)
626403,Norton Sound,AB (Groundfish-Salmon)
626433,Norton Sound,AB (Groundfish-Salmon)
626632,Kotzebue,AB (Groundfish-Salmon)
630168,Norton Sound,AB (IPHC)
630173,Norton Sound,AB (IPHC)
633165,Norton Sound,AB (IPHC)
633166,Norton Sound,AB (IPHC)
633170,Norton Sound,AB (IPHC)
635230,Unassigned,AB (Groundfish-Salmon)
635300,Unassigned,AB (Groundfish-Salmon)
635330,Alaska Peninsula,AB (Groundfish-Salmon)
635400,Alaska Peninsula,AB (Groundfish-Salmon)
635431,Alaska Peninsula,AB (Groundfish-Salmon)
635432,Alaska Peninsula,AB (Groundfish-Salmon)
635433,Alaska Peninsula,AB (Groundfish-Salmon)
635434,Alaska Peninsula,AB (Groundfish-Salmon)
635435,Alaska Peninsula,AB (Groundfish-Salmon)
635436,Alaska Peninsula,AB (Groundfish-Salmon)
635501,Alaska Peninsula,AB (Groundfish-Salmon)
635502,Alaska Peninsula,AB (Groundfish-Salmon)
635503,Alaska Peninsula,AB (Groundfish-Salmon)
635504,Bering Sea,AB (Groundfish-Salmon)
635530,Bering Sea,AB (Groundfish-Salmon)
635600,Bering Sea,AB (Groundfish-Salmon)
635630,Bering Sea,AB (Groundfish-Salmon)
635700,Bering Sea,AB (Groundfish-Salmon)
635730,Bering Sea,AB (Groundfish-Salmon)
635800,Bering Sea,AB (Groundfish-Salmon)
635830,Kuskokwim,AB (Groundfish-Salmon)
635900,Kuskokwim,AB (Groundfish-Salmon)
635931,Kuskokwim,AB (Groundfish-Salmon)
636330,Norton Sound,AB (Groundfish-Salmon)
636401,Norton Sound,AB (Groundfish-Salmon)
636402,Norton Sound,AB (Groundfish-Salmon)
636403,Norton Sound,AB (Groundfish-Salmon)
640164,Norton Sound,AB (IPHC)
640165,Norton Sound,AB (IPHC)
640166,Norton Sound,AB (IPHC)
640167,Norton Sound,AB (IPHC)
640168,Norton Sound,AB (IPHC)
643166,Norton Sound,AB (IPHC)
643168,Norton Sound,AB (IPHC)
645000,Unassigned,AB (Groundfish-Salmon)
645030,Unassigned,AB (Groundfish-Salmon)
645200,Unassigned,AB (Groundfish-Salmon)
645300,Unassigned,AB (Groundfish-Salmon)
645331,Alaska Peninsula,AB (Groundfish-Salmon)
645332,Eastern Aleutians,AB (Groundfish-Salmon)
645401,Alaska Peninsula,AB (Groundfish-Salmon)
645402,Eastern Aleutians,AB (Groundfish-Salmon)
645403,Alaska Peninsula,AB (Groundfish-Salmon)
645406,Eastern Aleutians,AB (Groundfish-Salmon)
645407,Eastern Aleutians,AB (Groundfish-Salmon)
645408,Eastern Aleutians,AB (Groundfish-Salmon)
645410,Alaska Peninsula,AB (Groundfish-Salmon)
645411,Eastern Aleutians,AB (Groundfish-Salmon)
645412,Alaska Peninsula,AB (Groundfish-Salmon)
645413,Eastern Aleutians,AB (Groundfish-Salmon)
645431,Alaska Peninsula,AB (Groundfish-Salmon)
645432,Alaska Peninsula,AB (Groundfish-Salmon)
645433,Alaska Peninsula,AB (Groundfish-Salmon)
645434,Bering Sea,AB (Groundfish-Salmon)
645435,Alaska Peninsula,AB (Groundfish-Salmon)
645501,Bering Sea,AB (Groundfish-Salmon)
645502,Alaska Peninsula,AB (Groundfish-Salmon)
645530,Bering Sea,AB (Groundfish-Salmon)
645600,Bering Sea,AB (Groundfish-Salmon)
645630,Bering Sea,AB (Groundfish-Salmon)
645700,Bering Sea,AB (Groundfish-Salmon)
645730,Bering Sea,AB (Groundfish-Salmon)
645800,Bering Sea,AB (Groundfish-Salmon)
645830,Bering Sea,AB (Groundfish-Salmon)
645900,Bering Sea,AB (Groundfish-Salmon)
645931,Kuskokwim,AB (Groundfish-Salmon)
645932,Kuskokwim,AB (Groundfish-Salmon)
646001,Kuskokwim,AB (Groundfish-Salmon)
646301,Yukon,AB (Groundfish-Salmon)
646330,Norton Sound,AB (Groundfish-Salmon)
646401,Norton Sound,AB (Groundfish-Salmon)
646402,Norton Sound,AB (Groundfish-Salmon)
646403,Norton Sound,AB (Groundfish-Salmon)
655000,Unassigned,AB (Groundfish-Salmon)
655200,Unassigned,AB (Groundfish-Salmon)
655230,Unassigned,AB (Groundfish-Salmon)
655300,Eastern Aleutians,AB (Groundfish-Salmon)
655330,Eastern Aleutians,AB (Groundfish-Salmon)
655404,Eastern Aleutians,AB (Groundfish-Salmon)
655405,Eastern Aleutians,AB (Groundfish-Salmon)
655406,Eastern Aleutians,AB (Groundfish-Salmon)
655407,Eastern Aleutians,AB (Groundfish-Salmon)
655408,Eastern Aleutians,AB (Groundfish-Salmon)
655409,Eastern Aleutians,AB (Groundfish-Salmon)
655410,Eastern Aleutians,AB (Groundfish-Salmon)
655411,Eastern Aleutians,AB (Groundfish-Salmon)
655412,Eastern Aleutians,AB (Groundfish-Salmon)
655413,Eastern Aleutians,AB (Groundfish-Salmon)
655430,Bering Sea,AB (Groundfish-Salmon)
655500,Bering Sea,AB (Groundfish-Salmon)
655530,Bering Sea,AB (Groundfish-Salmon)
655600,Bering Sea,AB (Groundfish-Salmon)
655630,Bering Sea,AB (Groundfish-Salmon)
655700,Bering Sea,AB (Groundfish-Salmon)
655730,Bering Sea,AB (Groundfish-Salmon)
655800,Bering Sea,AB (Groundfish-Salmon)
655830,Bering Sea,AB (Groundfish-Salmon)
655900,Bering Sea,AB (Groundfish-Salmon)
655931,Kuskokwim,AB (Groundfish-Salmon)
655932,Kuskokwim,AB (Groundfish-Salmon)
656001,Kuskokwim,AB (Groundfish-Salmon)
656002,Kuskokwim,AB (Groundfish-Salmon)
656003,Kuskokwim,AB (Groundfish-Salmon)
656031,Kuskokwim,AB (Groundfish-Salmon)
656032,Kuskokwim,AB (Groundfish-Salmon)
656231,Yukon,AB (Groundfish-Salmon)
656300,Yukon,AB (Groundfish-Salmon)
656330,Norton Sound,AB (Groundfish-Salmon)
656401,Norton Sound,AB (Groundfish-Salmon)
656402,Norton Sound,AB (Groundfish-Salmon)
656403,Norton Sound,AB (Groundfish-Salmon)
656430,Norton Sound,AB (Groundfish-Salmon)
665200,Unassigned,AB (Groundfish-Salmon)
665301,Eastern Aleutians,AB (Groundfish-Salmon)
665302,Eastern Aleutians,AB (Groundfish-Salmon)
665331,Eastern Aleutians,AB (Groundfish-Salmon)
665332,Eastern Aleutians,AB (Groundfish-Salmon)
665333,Eastern Aleutians,AB (Groundfish-Salmon)
665335,Eastern Aleutians,AB (Groundfish-Salmon)
665336,Eastern Aleutians,AB (Groundfish-Salmon)
665337,Eastern Aleutians,AB (Groundfish-Salmon)
665338,Eastern Aleutians,AB (Groundfish-Salmon)
665401,Eastern Aleutians,AB (Groundfish-Salmon)
665403,Eastern Aleutians,AB (Groundfish-Salmon)
665404,Eastern Aleutians,AB (Groundfish-Salmon)
665405,Eastern Aleutians,AB (Groundfish-Salmon)
665430,Bering Sea,AB (Groundfish-Salmon)
665500,Bering Sea,AB (Groundfish-Salmon)
665530,Bering Sea,AB (Groundfish-Salmon)
665600,Bering Sea,AB (Groundfish-Salmon)
665630,Bering Sea,AB (Groundfish-Salmon)
665700,Bering Sea,AB (Groundfish-Salmon)
665730,Bering Sea,AB (Groundfish-Salmon)
665800,Bering Sea,AB (Groundfish-Salmon)
665830,Bering Sea,AB (Groundfish-Salmon)
665900,Bering Sea,AB (Groundfish-Salmon)
665931,Kuskokwim,AB (Groundfish-Salmon)
665932,Kuskokwim,AB (Groundfish-Salmon)
666001,Kuskokwim,AB (Groundfish-Salmon)
666002,Kuskokwim,AB (Groundfish-Salmon)
666031,Kuskokwim,AB (Groundfish-Salmon)
666131,Yukon,AB (Groundfish-Salmon)
666300,Unassigned,AB (Groundfish-Salmon)
666330,Norton Sound,AB (Groundfish-Salmon)
666401,Norton Sound,AB (Groundfish-Salmon)
666402,Norton Sound,AB (Groundfish-Salmon)
666431,Norton Sound,AB (Groundfish-Salmon)
666432,Norton Sound,AB (Groundfish-Salmon)
675200,Unassigned,AB (Groundfish-Salmon)
675230,Eastern Aleutians,AB (Groundfish-Salmon)
675301,Eastern Aleutians,AB (Groundfish-Salmon)
675302,Eastern Aleutians,AB (Groundfish-Salmon)
675303,Eastern Aleutians,AB (Groundfish-Salmon)
675304,Eastern Aleutians,AB (Groundfish-Salmon)
675305,Eastern Aleutians,AB (Groundfish-Salmon)
675331,Eastern Aleutians,AB (Groundfish-Salmon)
675332,Eastern Aleutians,AB (Groundfish-Salmon)
675333,Eastern Aleutians,AB (Groundfish-Salmon)
675334,Eastern Aleutians,AB (Groundfish-Salmon)
675400,Eastern Aleutians,AB (Groundfish-Salmon)
675430,Bering Sea,AB (Groundfish-Salmon)
675500,Bering Sea,AB (Groundfish-Salmon)
675530,Bering Sea,AB (Groundfish-Salmon)
675600,Bering Sea,AB (Groundfish-Salmon)
675630,Bering Sea,AB (Groundfish-Salmon)
675700,Bering Sea,AB (Groundfish-Salmon)
675730,Bering Sea,AB (Groundfish-Salmon)
675800,Bering Sea,AB (Groundfish-Salmon)
675830,Bering Sea,AB (Groundfish-Salmon)
675900,Bering Sea,AB (Groundfish-Salmon)
675931,Kuskokwim,AB (Groundfish-Salmon)
675932,Kuskokwim,AB (Groundfish-Salmon)
676001,Kuskokwim,AB (Groundfish-Salmon)
676002,Kuskokwim,AB (Groundfish-Salmon)
676300,Unassigned,AB (Groundfish-Salmon)
676330,Norton Sound,AB (Groundfish-Salmon)
676400,Norton Sound,AB (Groundfish-Salmon)
676430,Norton Sound,AB (Groundfish-Salmon)
676501,Unassigned,AB (Groundfish-Salmon)
685030,Unassigned,AB (Groundfish-Salmon)
685200,Unassigned,AB (Groundfish-Salmon)
685231,Eastern Aleutians,AB (Groundfish-Salmon)
685232,Eastern Aleutians,AB (Groundfish-Salmon)
685233,Eastern Aleutians,AB (Groundfish-Salmon)
685301,Eastern Aleutians,AB (Groundfish-Salmon)
685302,Eastern Aleutians,AB (Groundfish-Salmon)
685303,Eastern Aleutians,AB (Groundfish-Salmon)
685304,Eastern Aleutians,AB (Groundfish-Salmon)
685305,Eastern Aleutians,AB (Groundfish-Salmon)
685331,Eastern Aleutians,AB (Groundfish-Salmon)
685332,Eastern Aleutians,AB (Groundfish-Salmon)
685333,Eastern Aleutians,AB (Groundfish-Salmon)
685400,Bering Sea,AB (Groundfish-Salmon)
685430,Bering Sea,AB (Groundfish-Salmon)
685500,Bering Sea,AB (Groundfish-Salmon)
685530,Bering Sea,AB (Groundfish-Salmon)
685600,Bering Sea,AB (Groundfish-Salmon)
685630,Bering Sea,AB (Groundfish-Salmon)
685700,Bering Sea,AB (Groundfish-Salmon)
685730,Bering Sea,AB (Groundfish-Salmon)
685800,Bering Sea,AB (Groundfish-Salmon)
685830,Bering Sea,AB (Groundfish-Salmon)
685900,Bering Sea,AB (Groundfish-Salmon)
685930,Bering Sea,AB (Groundfish-Salmon)
686000,Unassigned,AB (Groundfish-Salmon)
686030,Unassigned,AB (Groundfish-Salmon)
686230,Norton Sound,AB (Groundfish-Salmon)
686301,Norton Sound,AB (Groundfish-Salmon)
686302,Norton Sound,AB (Groundfish-Salmon)
686400,Unassigned,AB (Groundfish-Salmon)
686431,Unassigned,AB (Groundfish-Salmon)
686500,Unassigned,AB (Groundfish-Salmon)
695000,Unassigned,AB (Groundfish-Salmon)
695130,Unassigned,AB (Groundfish-Salmon)
695200,Eastern Aleutians,AB (Groundfish-Salmon)
695234,Eastern Aleutians,AB (Groundfish-Salmon)
695235,Eastern Aleutians,AB (Groundfish-Salmon)
695236,Eastern Aleutians,AB (Groundfish-Salmon)
695237,Eastern Aleutians,AB (Groundfish-Salmon)
695238,Eastern Aleutians,AB (Groundfish-Salmon)
695239,Eastern Aleutians,AB (Groundfish-Salmon)
695240,Eastern Aleutians,AB (Groundfish-Salmon)
695241,Eastern Aleutians,AB (Groundfish-Salmon)
695301,Eastern Aleutians,AB (Groundfish-Salmon)
695302,Eastern Aleutians,AB (Groundfish-Salmon)
695330,Bering Sea,AB (Groundfish-Salmon)
695400,Bering Sea,AB (Groundfish-Salmon)
695430,Bering Sea,AB (Groundfish-Salmon)
695500,Bering Sea,AB (Groundfish-Salmon)
695530,Bering Sea,AB (Groundfish-Salmon)
695600,Bering Sea,AB (Groundfish-Salmon)
695631,Bering Sea,AB (Groundfish-Salmon)
695632,Bering Sea,AB (Groundfish-Salmon)
695700,Bering Sea,AB (Groundfish-Salmon)
695701,Bering Sea,AB (Groundfish-Salmon)
695730,Bering Sea,AB (Groundfish-Salmon)
695800,Bering Sea,AB (Groundfish-Salmon)
695830,Bering Sea,AB (Groundfish-Salmon)
695900,Bering Sea,AB (Groundfish-Salmon)
695930,Bering Sea,AB (Groundfish-Salmon)
696000,Unassigned,AB (Groundfish-Salmon)
696030,Unassigned,AB (Groundfish-Salmon)
696301,Norton Sound,AB (Groundfish-Salmon)
696302,Norton Sound,AB (Groundfish-Salmon)
696330,Norton Sound,AB (Groundfish-Salmon)
705030,Unassigned,AB (Groundfish-Salmon)
705130,Unassigned,AB (Groundfish-Salmon)
705200,Eastern Aleutians,AB (Groundfish-Salmon)
705231,Eastern Aleutians,AB (Groundfish-Salmon)
705232,Eastern Aleutians,AB (Groundfish-Salmon)
705233,Eastern Aleutians,AB (Groundfish-Salmon)
705234,Eastern Aleutians,AB (Groundfish-Salmon)
705300,Eastern Aleutians,AB (Groundfish-Salmon)
705330,Bering Sea,AB (Groundfish-Salmon)
705400,Bering Sea,AB (Groundfish-Salmon)
705430,Bering Sea,AB (Groundfish-Salmon)
705500,Bering Sea,AB (Groundfish-Salmon)
705530,Bering Sea,AB (Groundfish-Salmon)
705600,Bering Sea,AB (Groundfish-Salmon)
705630,Bering Sea,AB (Groundfish-Salmon)
705701,Bering Sea,AB (Groundfish-Salmon)
705703,Bering Sea,AB (Groundfish-Salmon)
705730,Bering Sea,AB (Groundfish-Salmon)
705800,Bering Sea,AB (Groundfish-Salmon)
705830,Bering Sea,AB (Groundfish-Salmon)
705900,Bering Sea,AB (Groundfish-Salmon)
705930,Bering Sea,AB (Groundfish-Salmon)
706000,Unassigned,AB (Groundfish-Salmon)
706030,Unassigned,AB (Groundfish-Salmon)
706100,Unassigned,AB (Groundfish-Salmon)
706230,Norton Sound,AB (Groundfish-Salmon)
706331,Norton Sound,AB (Groundfish-Salmon)
706332,Norton Sound,AB (Groundfish-Salmon)
715100,Unassigned,AB (Groundfish-Salmon)
715130,Eastern Aleutians,AB (Groundfish-Salmon)
715201,Eastern Aleutians,AB (Groundfish-Salmon)
715202,Eastern Aleutians,AB (Groundfish-Salmon)
715231,Eastern Aleutians,AB (Groundfish-Salmon)
715232,Eastern Aleutians,AB (Groundfish-Salmon)
715300,Bering Sea,AB (Groundfish-Salmon)
715330,Bering Sea,AB (Groundfish-Salmon)
715400,Bering Sea,AB (Groundfish-Salmon)
715430,Bering Sea,AB (Groundfish-Salmon)
715500,Unassigned,AB (Groundfish-Salmon)
715530,Unassigned,AB (Groundfish-Salmon)
715600,Bering Sea,AB (Groundfish-Salmon)
715630,Bering Sea,AB (Groundfish-Salmon)
715700,Bering Sea,AB (Groundfish-Salmon)
715730,Bering Sea,AB (Groundfish-Salmon)
715800,Bering Sea,AB (Groundfish-Salmon)
715830,Bering Sea,AB (Groundfish-Salmon)
715900,Bering Sea,AB (Groundfish-Salmon)
715930,Bering Sea,AB (Groundfish-Salmon)
716000,Bering Sea,AB (Groundfish-Salmon)
716100,Unassigned,AB (Groundfish-Salmon)
716331,Norton Sound,AB (Groundfish-Salmon)
725100,Unassigned,AB (Groundfish-Salmon)
725130,Western Aleutians,AB (Groundfish-Salmon)
725201,Western Aleutians,AB (Groundfish-Salmon)
725202,Western Aleutians,AB (Groundfish-Salmon)
725203,Western Aleutians,AB (Groundfish-Salmon)
725230,Western Aleutians,AB (Groundfish-Salmon)
725300,Bering Sea,AB (Groundfish-Salmon)
725330,Bering Sea,AB (Groundfish-Salmon)
725400,Bering Sea,AB (Groundfish-Salmon)
725500,Unassigned,AB (Groundfish-Salmon)
725530,Unassigned,AB (Groundfish-Salmon)
725600,Bering Sea,AB (Groundfish-Salmon)
725630,Bering Sea,AB (Groundfish-Salmon)
725700,Bering Sea,AB (Groundfish-Salmon)
725730,Bering Sea,AB (Groundfish-Salmon)
725800,Bering Sea,AB (Groundfish-Salmon)
725830,Bering Sea,AB (Groundfish-Salmon)
725900,Bering Sea,AB (Groundfish-Salmon)
725930,Bering Sea,AB (Groundfish-Salmon)
726001,Bering Sea,AB (Groundfish-Salmon)
726002,Bering Sea,AB (Groundfish-Salmon)
726003,Bering Sea,AB (Groundfish-Salmon)
726031,Bering Sea,AB (Groundfish-Salmon)
726032,Bering Sea,AB (Groundfish-Salmon)
726300,Unassigned,AB (Groundfish-Salmon)
726330,Norton Sound,AB (Groundfish-Salmon)
735100,Unassigned,AB (Groundfish-Salmon)
735130,Western Aleutians,AB (Groundfish-Salmon)
735201,Western Aleutians,AB (Groundfish-Salmon)
735202,Western Aleutians,AB (Groundfish-Salmon)
735203,Western Aleutians,AB (Groundfish-Salmon)
735230,Western Aleutians,AB (Groundfish-Salmon)
735300,Unassigned,AB (Groundfish-Salmon)
735400,Unassigned,AB (Groundfish-Salmon)
735430,Unassigned,AB (Groundfish-Salmon)
735530,Unassigned,AB (Groundfish-Salmon)
735600,Bering Sea,AB (Groundfish-Salmon)
735630,Bering Sea,AB (Groundfish-Salmon)
735700,Bering Sea,AB (Groundfish-Salmon)
735730,Bering Sea,AB (Groundfish-Salmon)
735800,Bering Sea,AB (Groundfish-Salmon)
735830,Bering Sea,AB (Groundfish-Salmon)
735900,Bering Sea,AB (Groundfish-Salmon)
735930,Bering Sea,AB (Groundfish-Salmon)
736001,Bering Sea,AB (Groundfish-Salmon)
736031,Bering Sea,AB (Groundfish-Salmon)
736032,Bering Sea,AB (Groundfish-Salmon)
736100,Bering Sea,AB (Groundfish-Salmon)
736200,Unassigned,AB (Groundfish-Salmon)
736230,Unassigned,AB (Groundfish-Salmon)
736300,Unassigned,AB (Groundfish-Salmon)
736330,Unassigned,AB (Groundfish-Salmon)
744930,Unassigned,AB (Groundfish-Salmon)
745000,Unassigned,AB (Groundfish-Salmon)
745100,Unassigned,AB (Groundfish-Salmon)
745131,Western Aleutians,AB (Groundfish-Salmon)
745132,Western Aleutians,AB (Groundfish-Salmon)
745201,Western Aleutians,AB (Groundfish-Salmon)
745202,Western Aleutians,AB (Groundfish-Salmon)
745203,Western Aleutians,AB (Groundfish-Salmon)
745205,Western Aleutians,AB (Groundfish-Salmon)
745206,Western Aleutians,AB (Groundfish-Salmon)
745207,Western Aleutians,AB (Groundfish-Salmon)
745230,Western Aleutians,AB (Groundfish-Salmon)
745300,Unassigned,AB (Groundfish-Salmon)
745330,Unassigned,AB (Groundfish-Salmon)
745400,Unassigned,AB (Groundfish-Salmon)
745600,Unassigned,AB (Groundfish-Salmon)
745630,Unassigned,AB (Groundfish-Salmon)
745700,Bering Sea,AB (Groundfish-Salmon)
745730,Bering Sea,AB (Groundfish-Salmon)
745800,Bering Sea,AB (Groundfish-Salmon)
745830,Bering Sea,AB (Groundfish-Salmon)
745900,Bering Sea,AB (Groundfish-Salmon)
745930,Bering Sea,AB (Groundfish-Salmon)
746000,Bering Sea,AB (Groundfish-Salmon)
746030,Bering Sea,AB (Groundfish-Salmon)
746100,Bering Sea,AB (Groundfish-Salmon)
746130,Unassigned,AB (Groundfish-Salmon)
746230,Unassigned,AB (Groundfish-Salmon)
755100,Unassigned,AB (Groundfish-Salmon)
755131,Western Aleutians,AB (Groundfish-Salmon)
755132,Western Aleutians,AB (Groundfish-Salmon)
755134,Western Aleutians,AB (Groundfish-Salmon)
755135,Western Aleutians,AB (Groundfish-Salmon)
755201,Western Aleutians,AB (Groundfish-Salmon)
755202,Western Aleutians,AB (Groundfish-Salmon)
755203,Western Aleutians,AB (Groundfish-Salmon)
755206,Western Aleutians,AB (Groundfish-Salmon)
755207,Western Aleutians,AB (Groundfish-Salmon)
755208,Western Aleutians,AB (Groundfish-Salmon)
755209,Western Aleutians,AB (Groundfish-Salmon)
755230,Western Aleutians,AB (Groundfish-Salmon)
755300,Unassigned,AB (Groundfish-Salmon)
755330,Unassigned,AB (Groundfish-Salmon)
755400,Unassigned,AB (Groundfish-Salmon)
755430,Unassigned,AB (Groundfish-Salmon)
755500,Unassigned,AB (Groundfish-Salmon)
755600,Unassigned,AB (Groundfish-Salmon)
755630,Unassigned,AB (Groundfish-Salmon)
755700,Unassigned,AB (Groundfish-Salmon)
755730,Unassigned,AB (Groundfish-Salmon)
755800,Bering Sea,AB (Groundfish-Salmon)
755830,Bering Sea,AB (Groundfish-Salmon)
755900,Bering Sea,AB (Groundfish-Salmon)
755930,Bering Sea,AB (Groundfish-Salmon)
756000,Bering Sea,AB (Groundfish-Salmon)
756030,Bering Sea,AB (Groundfish-Salmon)
756100,Bering Sea,AB (Groundfish-Salmon)
756130,Unassigned,AB (Groundfish-Salmon)
756200,Unassigned,AB (Groundfish-Salmon)
756230,Unassigned,AB (Groundfish-Salmon)
765000,Unassigned,AB (Groundfish-Salmon)
765100,Western Aleutians,AB (Groundfish-Salmon)
765132,Western Aleutians,AB (Groundfish-Salmon)
765137,Western Aleutians,AB (Groundfish-Salmon)
765138,Western Aleutians,AB (Groundfish-Salmon)
765139,Western Aleutians,AB (Groundfish-Salmon)
765141,Western Aleutians,AB (Groundfish-Salmon)
765142,Western Aleutians,AB (Groundfish-Salmon)
765143,Western Aleutians,AB (Groundfish-Salmon)
765144,Western Aleutians,AB (Groundfish-Salmon)
765145,Western Aleutians,AB (Groundfish-Salmon)
765146,Western Aleutians,AB (Groundfish-Salmon)
765147,Western Aleutians,AB (Groundfish-Salmon)
765148,Western Aleutians,AB (Groundfish-Salmon)
765203,Western Aleutians,AB (Groundfish-Salmon)
765204,Western Aleutians,AB (Groundfish-Salmon)
765205,Western Aleutians,AB (Groundfish-Salmon)
765206,Western Aleutians,AB (Groundfish-Salmon)
765230,Western Aleutians,AB (Groundfish-Salmon)
765300,Unassigned,AB (Groundfish-Salmon)
765430,Unassigned,AB (Groundfish-Salmon)
765500,Unassigned,AB (Groundfish-Salmon)
765530,Unassigned,AB (Groundfish-Salmon)
765600,Unassigned,AB (Groundfish-Salmon)
765630,Unassigned,AB (Groundfish-Salmon)
765700,Unassigned,AB (Groundfish-Salmon)
765730,Unassigned,AB (Groundfish-Salmon)
765800,Bering Sea,AB (Groundfish-Salmon)
765830,Bering Sea,AB (Groundfish-Salmon)
765900,Bering Sea,AB (Groundfish-Salmon)
765930,Bering Sea,AB (Groundfish-Salmon)
766000,Bering Sea,AB (Groundfish-Salmon)
766030,Bering Sea,AB (Groundfish-Salmon)
766100,Bering Sea,AB (Groundfish-Salmon)
766130,Unassigned,AB (Groundfish-Salmon)
766200,Unassigned,AB (Groundfish-Salmon)
775000,Unassigned,AB (Groundfish-Salmon)
775030,Unassigned,AB (Groundfish-Salmon)
775100,Western Aleutians,AB (Groundfish-Salmon)
775131,Western Aleutians,AB (Groundfish-Salmon)
775132,Western Aleutians,AB (Groundfish-Salmon)
775133,Western Aleutians,AB (Groundfish-Salmon)
775134,Western Aleutians,AB (Groundfish-Salmon)
775135,Western Aleutians,AB (Groundfish-Salmon)
775137,Western Aleutians,AB (Groundfish-Salmon)
775138,Western Aleutians,AB (Groundfish-Salmon)
775139,Western Aleutians,AB (Groundfish-Salmon)
775200,Western Aleutians,AB (Groundfish-Salmon)
775430,Unassigned,AB (Groundfish-Salmon)
775530,Unassigned,AB (Groundfish-Salmon)
775630,Unassigned,AB (Groundfish-Salmon)
775700,Unassigned,AB (Groundfish-Salmon)
775730,Unassigned,AB (Groundfish-Salmon)
775800,Bering Sea,AB (Groundfish-Salmon)
775830,Bering Sea,AB (Groundfish-Salmon)
775900,Bering Sea,AB (Groundfish-Salmon)
775930,Bering Sea,AB (Groundfish-Salmon)
776000,Bering Sea,AB (Groundfish-Salmon)
776030,Bering Sea,AB (Groundfish-Salmon)
776100,Bering Sea,AB (Groundfish-Salmon)
776130,Bering Sea,AB (Groundfish-Salmon)
785030,Unassigned,AB (Groundfish-Salmon)
785101,Western Aleutians,AB (Groundfish-Salmon)
785102,Western Aleutians,AB (Groundfish-Salmon)
785103,Western Aleutians,AB (Groundfish-Salmon)
785131,Western Aleutians,AB (Groundfish-Salmon)
785132,Western Aleutians,AB (Groundfish-Salmon)
785134,Western Aleutians,AB (Groundfish-Salmon)
785135,Western Aleutians,AB (Groundfish-Salmon)
785200,Western Aleutians,AB (Groundfish-Salmon)
785230,Western Aleutians,AB (Groundfish-Salmon)
785430,Unassigned,AB (Groundfish-Salmon)
785500,Unassigned,AB (Groundfish-Salmon)
785600,Unassigned,AB (Groundfish-Salmon)
785630,Unassigned,AB (Groundfish-Salmon)
785800,Unassigned,AB (Groundfish-Salmon)
785830,Bering Sea,AB (Groundfish-Salmon)
785900,Bering Sea,AB (Groundfish-Salmon)
785930,Bering Sea,AB (Groundfish-Salmon)
786000,Bering Sea,AB (Groundfish-Salmon)
786030,Bering Sea,AB (Groundfish-Salmon)
786100,Bering Sea,AB (Groundfish-Salmon)
795101,Western Aleutians,AB (Groundfish-Salmon)
795102,Western Aleutians,AB (Groundfish-Salmon)
795131,Western Aleutians,AB (Groundfish-Salmon)
795132,Western Aleutians,AB (Groundfish-Salmon)
795200,Western Aleutians,AB (Groundfish-Salmon)
795230,Western Aleutians,AB (Groundfish-Salmon)
795300,Unassigned,AB (Groundfish-Salmon)
795330,Unassigned,AB (Groundfish-Salmon)
795400,Unassigned,AB (Groundfish-Salmon)
795430,Unassigned,AB (Groundfish-Salmon)
795600,Unassigned,AB (Groundfish-Salmon)
795730,Unassigned,AB (Groundfish-Salmon)
795800,Unassigned,AB (Groundfish-Salmon)
795830,Unassigned,AB (Groundfish-Salmon)
795900,Unassigned,AB (Groundfish-Salmon)
795930,Unassigned,AB (Groundfish-Salmon)
796000,Bering Sea,AB (Groundfish-Salmon)
796030,Bering Sea,AB (Groundfish-Salmon)
805101,Western Aleutians,AB (Groundfish-Salmon)
805102,Western Aleutians,AB (Groundfish-Salmon)
805103,Western Aleutians,AB (Groundfish-Salmon)
805131,Western Aleutians,AB (Groundfish-Salmon)
805132,Western Aleutians,AB (Groundfish-Salmon)
805133,Western Aleutians,AB (Groundfish-Salmon)
805201,Western Aleutians,AB (Groundfish-Salmon)
805202,Western Aleutians,AB (Groundfish-Salmon)
805230,Western Aleutians,AB (Groundfish-Salmon)
805330,Unassigned,AB (Groundfish-Salmon)
805400,Unassigned,AB (Groundfish-Salmon)
805430,Unassigned,AB (Groundfish-Salmon)
805600,Unassigned,AB (Groundfish-Salmon)
815100,Western Aleutians,AB (Groundfish-Salmon)
815131,Western Aleutians,AB (Groundfish-Salmon)
815132,Western Aleutians,AB (Groundfish-Salmon)
815133,Western Aleutians,AB (Groundfish-Salmon)
815134,Western Aleutians,AB (Groundfish-Salmon)
815135,Western Aleutians,AB (Groundfish-Salmon)
815136,Western Aleutians,AB (Groundfish-Salmon)
815201,Western Aleutians,AB (Groundfish-Salmon)
815202,Western Aleutians,AB (Groundfish-Salmon)
815230,Western Aleutians,AB (Groundfish-Salmon)
815400,Unassigned,AB (Groundfish-Salmon)
815430,Unassigned,AB (Groundfish-Salmon)
815630,Unassigned,AB (Groundfish-Salmon)
815700,Unassigned,AB (Groundfish-Salmon)
815730,Unassigned,AB (Groundfish-Salmon)
815800,Unassigned,AB (Groundfish-Salmon)
825100,Western Aleutians,AB (Groundfish-Salmon)
825131,Western Aleutians,AB (Groundfish-Salmon)
825132,Western Aleutians,AB (Groundfish-Salmon)
825133,Western Aleutians,AB (Groundfish-Salmon)
825134,Western Aleutians,AB (Groundfish-Salmon)
825201,Western Aleutians,AB (Groundfish-Salmon)
825202,Western Aleutians,AB (Groundfish-Salmon)
825203,Western Aleutians,AB (Groundfish-Salmon)
825230,Western Aleutians,AB (Groundfish-Salmon)
825400,Unassigned,AB (Groundfish-Salmon)
825430,Unassigned,AB (Groundfish-Salmon)
825630,Unassigned,AB (Groundfish-Salmon)
825830,Unassigned,AB (Groundfish-Salmon)
835100,Western Aleutians,AB (Groundfish-Salmon)
835130,Western Aleutians,AB (Groundfish-Salmon)
835200,Western Aleutians,AB (Groundfish-Salmon)
835230,Western Aleutians,AB (Groundfish-Salmon)
835300,Unassigned,AB (Groundfish-Salmon)
835400,Unassigned,AB (Groundfish-Salmon)
835430,Unassigned,AB (Groundfish-Salmon)
835800,Unassigned,AB (Groundfish-Salmon)
845100,Western Aleutians,AB (Groundfish-Salmon)
845130,Western Aleutians,AB (Groundfish-Salmon)
845201,Western Aleutians,AB (Groundfish-Salmon)
845202,Western Aleutians,AB (Groundfish-Salmon)
845230,Western Aleutians,AB (Groundfish-Salmon)
845430,Unassigned,AB (Groundfish-Salmon)
855130,Western Aleutians,AB (Groundfish-Salmon)
855200,Western Aleutians,AB (Groundfish-Salmon)
855231,Western Aleutians,AB (Groundfish-Salmon)
855232,Western Aleutians,AB (Groundfish-Salmon)
855233,Western Aleutians,AB (Groundfish-Salmon)
855234,Western Aleutians,AB (Groundfish-Salmon)
855300,Western Aleutians,AB (Groundfish-Salmon)
865130,Unassigned,AB (Groundfish-Salmon)
865201,Western Aleutians,AB (Groundfish-Salmon)
865202,Western Aleutians,AB (Groundfish-Salmon)
865203,Western Aleutians,AB (Groundfish-Salmon)
865204,Western Aleutians,AB (Groundfish-Salmon)
865205,Western Aleutians,AB (Groundfish-Salmon)
865231,Western Aleutians,AB (Groundfish-Salmon)
865232,Western Aleutians,AB (Groundfish-Salmon)
865233,Western Aleutians,AB (Groundfish-Salmon)
865234,Western Aleutians,AB (Groundfish-Salmon)
865235,Western Aleutians,AB (Groundfish-Salmon)
865236,Western Aleutians,AB (Groundfish-Salmon)
865301,Western Aleutians,AB (Groundfish-Salmon)
865302,Western Aleutians,AB (Groundfish-Salmon)
875130,Unassigned,AB (Groundfish-Salmon)
875200,Western Aleutians,AB (Groundfish-Salmon)
875231,Western Aleutians,AB (Groundfish-Salmon)
875232,Western Aleutians,AB (Groundfish-Salmon)
875233,Western Aleutians,AB (Groundfish-Salmon)
875301,Western Aleutians,AB (Groundfish-Salmon)
875302,Western Aleutians,AB (Groundfish-Salmon)
885130,Unassigned,AB (Groundfish-Salmon)
885200,Western Aleutians,AB (Groundfish-Salmon)
885230,Western Aleutians,AB (Groundfish-Salmon)
885300,Western Aleutians,AB (Groundfish-Salmon)
885400,Unassigned,AB (Groundfish-Salmon)
895130,Unassigned,AB (Groundfish-Salmon)
895200,Unassigned,AB (Groundfish-Salmon)
895230,Western Aleutians,AB (Groundfish-Salmon)
895300,Western Aleutians,AB (Groundfish-Salmon)
895330,Unassigned,AB (Groundfish-Salmon)
